<?xml version="1.0" encoding="utf-8"?>
<Maps>
    <Map Type="System" Name="Pista 09 - Llegadas RNAV" Priority="1" Center="+323227.810-1165811.890">
        <Line Name="TANR1A" Pattern="Dashed">TANRI/ULDUD/TJ564/TUBUS</Line>
        <Line Name="TOVE1A" Pattern="Dashed">TOVES/ENS/KREPE/TUBUS</Line>
        <Symbol Type="SolidTriangle">
            <Point>KREPE</Point>
            <Point>TANRI</Point>
            <Point>TOVES</Point>
            <Point>ULDUD</Point>
        </Symbol>
        <Symbol Type="DotFillCircle">
            <Point>ENS</Point>
        </Symbol>
        <Symbol Type="HollowStar">
            <Point>TJ564</Point>
            <Point>TUBUS</Point>
        </Symbol>
    </Map>
    <Map Type="System" Name="Pista 09 - Llegadas RNAV (Nombres)" Priority="1" Center="+323227.810-1165811.890">
        <Label HasLeader="false">
            <Point>TANRI</Point>
            <Point>TOVES</Point>
            <Point>TUBUS</Point>
        </Label>
    </Map>
    <Map Type="System" Name="Pista 09 - ILS X 09" Priority="1" Center="+323227.810-1165811.890">
        <Line Pattern="Solid">TUBUS/TJ423/TJ402/TJ414</Line>
        <Line Pattern="Solid">TJ414/+323235.230-1165907.980</Line>
        <Line Pattern="Solid">+323251.138-1165942.502/+323227.378-1165946.884</Line>
        <Line Pattern="Solid">+323300.403-1170052.635/+323236.642-1170057.018</Line>
        <Line Pattern="Solid">+323309.656-1170202.772/+323245.896-1170207.155</Line>
        <Line Pattern="Solid">+323318.899-1170312.913/+323255.138-1170317.296</Line>
        <Line Pattern="Solid">+323340.010-1170420.866/+323252.490-1170429.633</Line>
        <Line Pattern="Solid">+323337.351-1170533.207/+323313.591-1170537.591</Line>
        <Line Pattern="Solid">+323346.561-1170643.360/+323322.801-1170647.744</Line>
        <Line Pattern="Solid">+323355.760-1170753.517/+323332.000-1170757.901</Line>
        <Line Pattern="Solid">+323404.948-1170903.679/+323341.188-1170908.062</Line>
        <Line Pattern="Solid">+323426.006-1171011.651/+323338.485-1171020.419</Line>
        <Symbol Type="HollowStar">
            <Point>TJ402</Point>
            <Point>TJ414</Point>
            <Point>TJ416</Point>
            <Point>TJ423</Point>
        </Symbol>
    </Map>
    <Map Type="System" Name="Pista 09 - Salidas RNAV" Priority="1" Center="+323227.810-1165811.890">
        <Line Name="KOBA1A" Pattern="Dotted">+323220.380-1165715.810/TJ500/TJ501/TJ502/TJ566/TJ565/UDMOV/SIDGA</Line>
        <Line Name="TEVI1A" Pattern="Dotted">UDMOV/TEVIR</Line>
        <Line Name="TUMA1A" Pattern="Dotted">UDMOV/TUMAP</Line>
        <Symbol Type="SolidTriangle">
            <Point>SIDGA</Point>
            <Point>TEVIR</Point>
            <Point>UDMOV</Point>
        </Symbol>
        <Symbol Type="HollowStar">
            <Point>TJ500</Point>
            <Point>TJ501</Point>
            <Point>TJ502</Point>
            <Point>TJ565</Point>
            <Point>TJ566</Point>
            <Point>TUMAP</Point>
        </Symbol>
    </Map>
    <Map Type="System" Name="Pista 09 - Salidas RNAV (Nombres)" Priority="1" Center="+323227.810-1165811.890">
        <Label HasLeader="false">
            <Point>SIDGA</Point>
            <Point>TEVIR</Point>
            <Point>TUMAP</Point>
        </Label>
    </Map>
</Maps>
