﻿<?xml version="1.0" encoding="utf-8"?>
<Maps>
    <Map Type="System" Name="Sector - Aerovias" Priority="1" Center="+204657.054-0865400.018">
        <Line Width="0.6" Name="A317">TAP.A317.TECUN</Line>
        <Line Width="0.6" Name="A552">TAM.A552.GABEN</Line>
        <Line Width="0.6" Name="A758">MID.A758.VIDNO</Line>
        <Line Width="0.6" Name="A766">SBI.A766.SIGMA</Line>
        <Line Width="0.6" Name="A770">KEHLI.A770.UKORO</Line>
        <Line Width="0.6" Name="B646">LENUK.B646.MID</Line>
        <Line Width="0.6" Name="B753">MID.B753.PIKRO</Line>
        <Line Width="0.6" Name="B764">EMOSA.B764.ANEPU</Line>
        <Line Width="0.6" Name="B879">NOSAT.B879.CZM</Line>
        <Line Width="0.6" Name="B881">CUN.B881.ANIKO</Line>
        <Line Width="0.6" Name="G521">CZM.G521.AMIDA</Line>
        <Line Width="0.6" Name="G633">VSA.G633.EMADA</Line>
        <Line Width="0.6" Name="G757">CTM.G757.KINAL</Line>
        <Line Width="0.6" Name="G765">NUKAN.G765.CTM</Line>
        <Line Width="0.6" Name="R506">NUDAL.R506.CUN</Line>
        <Line Width="0.6" Name="R522">ALURU.R522.PAZ</Line>
        <Line Width="0.6" Name="V1">SQN.V1.TAP</Line>
        <Line Width="0.6" Name="V1E">LTO.V1E.SJD</Line>
        <Line Width="0.6" Name="V1W">LTO.V1W.SJD</Line>
        <Line Width="0.6" Name="V2">CUU.V2.MAM</Line>
        <Line Width="0.6" Name="V3">TIJ.V3.CUN</Line>
        <Line Width="0.6" Name="V3S">GDL.V3S.TNY</Line>
        <Line Width="0.6" Name="V4">LTO.V4.SJD</Line>
        <Line Width="0.6" Name="V5">CUL.V5.MZT</Line>
        <Line Width="0.6" Name="V5">GDL.V5.TLC</Line>
        <Line Width="0.6" Name="V6">TTM.V6.TAM</Line>
        <Line Width="0.6" Name="V7">PPE.V7.CEN</Line>
        <Line Width="0.6" Name="V8">CUU.V8.LAP</Line>
        <Line Width="0.6" Name="V9">CEN.V9.LAP</Line>
        <Line Width="0.6" Name="V9">TAMET.V9.CSL</Line>
        <Line Width="0.6" Name="V10">REX.V10.LAP</Line>
        <Line Width="0.6" Name="V11">CEN.V11.ELQ</Line>
        <Line Width="0.6" Name="V11">TRC.V11.SLM</Line>
        <Line Width="0.6" Name="V12">CVM.V12.DGO</Line>
        <Line Width="0.6" Name="V12">CUL.V12.GODOY</Line>
        <Line Width="0.6" Name="V13">CAMUI.V13.MTY</Line>
        <Line Width="0.6" Name="V14">PVR.V14.QET</Line>
        <Line Width="0.6" Name="V14N">PVR.V14N.NOTUP</Line>
        <Line Width="0.6" Name="V14S">PVR.V14S.GDL</Line>
        <Line Width="0.6" Name="V15">PNG.V15.TMN</Line>
        <Line Width="0.6" Name="V15">SLM.V15.ACA</Line>
        <Line Width="0.6" Name="V15W">TEQ.V15W.ACA</Line>
        <Line Width="0.6" Name="V16">AGU.V16.VSA</Line>
        <Line Width="0.6" Name="V16">CPE.V16.MID</Line>
        <Line Width="0.6" Name="V17">TAM.V17.UPN</Line>
        <Line Width="0.6" Name="V18">MEX.V18.ZLO</Line>
        <Line Width="0.6" Name="V19">NLD.V19.NOTAL</Line>
        <Line Width="0.6" Name="V19">MTY.V19.TAM</Line>
        <Line Width="0.6" Name="V20">NLD.V20.MOV</Line>
        <Line Width="0.6" Name="V20">TRC.V20.LAP</Line>
        <Line Width="0.6" Name="V21">PBC.V21.ACA</Line>
        <Line Width="0.6" Name="V22">AGU.V22.SLM</Line>
        <Line Width="0.6" Name="V23">MOV.V23.TAM</Line>
        <Line Width="0.6" Name="V23">VER.V23.VSA</Line>
        <Line Width="0.6" Name="V24">CUA.V24.ZIH</Line>
        <Line Width="0.6" Name="V25">MAM.V25.TAM</Line>
        <Line Width="0.6" Name="V26">NLD.V26.ZLO</Line>
        <Line Width="0.6" Name="V26W">GDL.V26W.ZLO</Line>
        <Line Width="0.6" Name="V27">LTO.V27.LMM</Line>
        <Line Width="0.6" Name="V27">DGO.V27.ANEVU</Line>
        <Line Width="0.6" Name="V27">TLC.V27.TEQ</Line>
        <Line Width="0.6" Name="V27">OAX.V27.HUX</Line>
        <Line Width="0.6" Name="V27E">OAX.V27E.HUX</Line>
        <Line Width="0.6" Name="V28">VER.V28.CTM</Line>
        <Line Width="0.6" Name="V31">MTT.V31.IZT</Line>
        <Line Width="0.6" Name="V32">GDL.V32.PTJ</Line>
        <Line Width="0.6" Name="V32">TLC.V32.TEQ</Line>
        <Line Width="0.6" Name="V33">VER.V33.IZT</Line>
        <Line Width="0.6" Name="V34">PAZ.V34.PTJ</Line>
        <Line Width="0.6" Name="V35">MTY.V35.REX</Line>
        <Line Width="0.6" Name="V36">CPE.V36.CTM</Line>
        <Line Width="0.6" Name="V37">NLD.V37.PVR</Line>
        <Line Width="0.6" Name="V38">PERGO.V38.CTM</Line>
        <Line Width="0.6" Name="V39">ALUXO.V39.NLD</Line>
        <Line Width="0.6" Name="V39">NOTAL.V39.ZIH</Line>
        <Line Width="0.6" Name="V39E">SLP.V39E.BJX</Line>
        <Line Width="0.6" Name="V40">MXL.V40.SQN</Line>
        <Line Width="0.6" Name="V40">GRN.V40.HMO</Line>
        <Line Width="0.6" Name="V41">DAPAN.V41.PPE</Line>
        <Line Width="0.6" Name="V41">LMM.V41.ENEKO</Line>
        <Line Width="0.6" Name="V42">TIJ.V42.SQN</Line>
        <Line Width="0.6" Name="V42">LTO.V42.CEN</Line>
        <Line Width="0.6" Name="V43">MAM.V43.PTJ</Line>
        <Line Width="0.6" Name="V44">MID.V44.CUN</Line>
        <Line Width="0.6" Name="V45">MID.V45.CZM</Line>
        <Line Width="0.6" Name="V46">REX.V46.CVM</Line>
        <Line Width="0.6" Name="V47">TRC.V47.TMN</Line>
        <Line Width="0.6" Name="V49">NLD.V49.CVM</Line>
        <Line Width="0.6" Name="V51">VSA.V51.TAP</Line>
        <Line Width="0.6" Name="V52">LMM.V52.SJD</Line>
        <Line Width="0.6" Name="V53">CEN.V53.MZT</Line>
        <Line Width="0.6" Name="V55">PNG.V55.ITBEN</Line>
        <Line Width="0.6" Name="V56">CUN.V56.CPE</Line>
        <Line Width="0.6" Name="V57">SJD.V57.CUL</Line>
        <Line Width="0.6" Name="V61">SLP.V61.COL</Line>
        <Line Width="0.6" Name="V61W">AGU.V61W.GOYAS</Line>
        <Line Width="0.6" Name="V64">DOTOR.V64.MAM</Line>
        <Line Width="0.6" Name="V68">NLD.V68.SLW</Line>
        <Line Width="0.6" Name="V70">BRO.V70.MTY</Line>
        <Line Width="0.6" Name="V71">CZA.V71.CTM</Line>
        <Line Width="0.6" Name="V81">MRF.V81.CUU</Line>
        <Line Width="0.6" Name="V83">PNG.V83.TAGIB</Line>
        <Line Width="0.6" Name="V135">BZA.V135.TIJ</Line>
        <Line Width="0.6" Name="V137">IPL.V137.MXL</Line>
        <Line Width="0.6" Name="V163">BRO.V163.MAM</Line>
        <Line Width="0.6" Name="V280">ELP.V280.CUU</Line>
        <Line Width="0.6" Name="V359">WEGUS.V359.NLD</Line>
        <Line Width="0.6" Name="V387">MFE.V387.TAM</Line>
        <Line Width="0.6" Name="V393">OLS.V393.HMO</Line>
        <Line Width="0.6" Name="V393">GYM.V393.LTO</Line>
        <Line Width="0.6" Name="V393">URLET.V393.SJD</Line>
        <Line Width="0.6" Name="V625">OLS.V625.HMO</Line>
        <!--Alta-->
        <Line Width="0.6" Name="J1">MZB.J1.TIJ</Line>
        <Line Width="0.6" Name="J1">SJD.J1.ZLO</Line>
        <Line Width="0.6" Name="J1">HUX.J1.TAP</Line>
        <Line Width="0.6" Name="J13">BECON.J13.TRC</Line>
        <Line Width="0.6" Name="J21">LRD.J21.SESNO</Line>
        <Line Width="0.6" Name="J22">LRD.J22.WEGUS</Line>
        <Line Width="0.6" Name="J25">SLP.J25.GDL</Line>
        <Line Width="0.6" Name="J26">CJS.J26.HMO</Line>
        <Line Width="0.6" Name="J29">DEVOE.J29.MTY</Line>
        <Line Width="0.6" Name="J29">SLW.J29.DGO</Line>
        <Line Width="0.6" Name="J42">FST.J42.ELQ</Line>
        <Line Width="0.6" Name="J42">GDL.J42.TUZAS</Line>
        <Line Width="0.6" Name="J92">TUS.J92.HMO</Line>
        <Line Width="0.6" Name="J92">GYM.J92.DASVU</Line>
        <Line Width="0.6" Name="J93">JLI.J93.PPE</Line>
        <Line Width="0.6" Name="J141">ELP.J141.MZT</Line>
        <Line Width="0.6" Name="J177">KANNA.J177.TAM</Line>
        <Line Width="0.6" Name="UJ2">CEN.UJ2.MOV</Line>
        <Line Width="0.6" Name="UJ3">LMM.UJ3.GDL</Line>
        <Line Width="0.6" Name="UJ3">UPN.UJ3.ACA</Line>
        <Line Width="0.6" Name="UJ4">HMO.UJ4.MTY</Line>
        <Line Width="0.6" Name="UJ5">ZCL.UJ5.QET</Line>
        <Line Width="0.6" Name="UJ5">MEX.UJ5.MTT</Line>
        <Line Width="0.6" Name="UJ5">VSA.UJ5.CTM</Line>
        <Line Width="0.6" Name="UJ9">SJD.UJ9.ZIH</Line>
        <Line Width="0.6" Name="UJ10">TRC.UJ10.CUL</Line>
        <Line Width="0.6" Name="UJ11">CDR.UJ11.AGU</Line>
        <Line Width="0.6" Name="UJ12">TLC.UJ12.VER</Line>
        <Line Width="0.6" Name="UJ14">CEN.UJ14.ENEKO</Line>
        <Line Width="0.6" Name="UJ15">XOXIL.UJ15.MOV</Line>
        <Line Width="0.6" Name="UJ16">ILELA.UJ16.MTT</Line>
        <Line Width="0.6" Name="UJ17">CVM.UJ17.QET</Line>
        <Line Width="0.6" Name="UJ18">URTOK.UJ18.CUN</Line>
        <Line Width="0.6" Name="UJ18">MID.UJ18.VER</Line>
        <Line Width="0.6" Name="UJ19">CUA.UJ19.PXM</Line>
        <Line Width="0.6" Name="UJ24">CPE.UJ24.CUA</Line>
        <Line Width="0.6" Name="UJ24">MAXUL.UJ24.UPN</Line>
        <Line Width="0.6" Name="UJ25">CME.UJ25.TGZ</Line>
        <Line Width="0.6" Name="UJ27">CJS.UJ27.ZIH</Line>
        <Line Width="0.6" Name="UJ30">TLC.UJ30.ZIH</Line>
        <Line Width="0.6" Name="UJ31">SLW.UJ31.SLP</Line>
        <Line Width="0.6" Name="UJ33">MZT.UJ33.AGU</Line>
        <Line Width="0.6" Name="UJ33">SLM.UJ33.OAX</Line>
        <Line Width="0.6" Name="UJ35">MAM.UJ35.TMN</Line>
        <Line Width="0.6" Name="UJ38">HMO.UJ38.SLW</Line>
        <Line Width="0.6" Name="UJ39">PBC.UJ39.OAX</Line>
        <Line Width="0.6" Name="UJ45">MTY.UJ45.SLP</Line>
        <Line Width="0.6" Name="UJ45">TLC.UJ45.KANOX</Line>
        <Line Width="0.6" Name="UJ46">CJS.UJ46.CUU</Line>
        <Line Width="0.6" Name="UJ47">RUDLO.UJ47.SLM</Line>
        <Line Width="0.6" Name="UJ47">PBC.UJ47.IZT</Line>
        <Line Width="0.6" Name="UJ48">CSL.UJ48.PVR</Line>
        <Line Width="0.6" Name="UJ52">CUN.UJ52.ILUBA</Line>
        <Line Width="0.6" Name="UJ54">CJS.UJ54.CUL</Line>
        <Line Width="0.6" Name="UJ63">DGO.UJ63.AGU</Line>
        <Line Width="0.6" Name="UJ64">CUA.UJ64.MTT</Line>
        <Line Width="0.6" Name="UJ70">VER.UJ70.NUDOS</Line>
        <Line Width="0.6" Name="UJ71">TEQ.UJ71.PXM</Line>
        <Line Width="0.6" Name="UJ81">ITBEN.UJ81.AVSUB</Line>
        <Line Width="0.6" Name="UR644">TAP.UR644.IMASO</Line>
        <Line Width="0.6" Name="UR899">CTM.UR899.ULEVA</Line>
        <!--GNSS Baja-->
        <Line Width="0.6" Name="L207">VUH.L207.CPE</Line>
        <Line Width="0.6" Name="L208">SBI.L208.MID</Line>
        <Line Width="0.6" Name="L214">IRDOV.L214.SIGMA</Line>
        <Line Width="0.6" Name="L333">PISAD.L333.ILUBA</Line>
        <Line Width="0.6" Name="L423">VIMBO.L423.LARLO</Line>
        <Line Width="0.6" Name="L577">CZM.L577.ILUBA</Line>
        <Line Width="0.6" Name="M215">PISAD.M215.MID</Line>
        <Line Width="0.6" Name="M219">MYDIA.M219.CUN</Line>
        <Line Width="0.6" Name="T12">NABAS.T12.CUL</Line>
        <Line Width="0.6" Name="T17">NOXOS.T17.KIROG</Line>
        <Line Width="0.6" Name="T18">HMO.T18.NABAS</Line>
        <Line Width="0.6" Name="T19">UKUNO.T19.IMIDA</Line>
        <Line Width="0.6" Name="T32">ALSUP.T32.CTM</Line>
        <Line Width="0.6" Name="T36">CUU.T36.LMM</Line>
        <Line Width="0.6" Name="T49">CEN.T49.NABAS</Line>
        <Line Width="0.6" Name="T51">ALSUP.T51.ANEPU</Line>
        <Line Width="0.6" Name="T53">GREPE.T53.CZM</Line>
        <Line Width="0.6" Name="T57">ALSUP.T57.AMIDA</Line>
        <Line Width="0.6" Name="T58">DAPAN.T58.ELUBA</Line>
        <Line Width="0.6" Name="T59">ELUBA.T59.PPE</Line>
        <Line Width="0.6" Name="T61">TAM.T61.VER</Line>
        <Line Width="0.6" Name="T70">CALIZ.T70.RIBIS</Line>
        <Line Width="0.6" Name="T80">CALIZ.T80.RIBIS</Line>
        <Line Width="0.6" Name="T86">CZM.T86.CPE</Line>
        <Line Width="0.6" Name="T106">NOXOS.T106.ILOLU</Line>
        <Line Width="0.6" Name="T107">UKUNO.T107.OMOKU</Line>
        <Line Width="0.6" Name="T108">UKUNO.T108.TEVET</Line>
        <Line Width="0.6" Name="T109">ILETO.T109.TILOB</Line>
        <Line Width="0.6" Name="T112">MEBAS.T112.LARLO</Line>
        <Line Width="0.6" Name="T162">QET.T162.TOREO</Line>
        <Line Width="0.6" Name="T163">TAM.T163.VOLOM</Line>
        <Line Width="0.6" Name="T168">VILSI.T168.TOREO</Line>
        <Line Width="0.6" Name="T169">UMAVO.T169.VITOS</Line>
        <Line Width="0.6" Name="T171">PAZ.T171.PBC</Line>
        <Line Width="0.6" Name="T172">SLM.T172.VER</Line>
        <Line Width="0.6" Name="T178">MEX.T178.VER</Line>

        <!--GNSS Alta-->
        <Line Width="0.6" Name="UL207">CPE.UL207.MUVAP</Line>
        <Line Width="0.6" Name="UL308">HUX.UL308.ANREX</Line>
        <Line Width="0.6" Name="UL312">GRN.UL312.KATIS</Line>
        <Line Width="0.6" Name="UL318">ILAXA.UL318.XOPVO</Line>
        <Line Width="0.6" Name="UL318">IZT.UL318.ALSAL</Line>
        <Line Width="0.6" Name="UL344">ACA.UL344.NOTOS</Line>
        <Line Width="0.6" Name="UL423">TEQ.UL423.IZT</Line>
        <Line Width="0.6" Name="UL423">TAP.UL423.PIXEN</Line>
        <Line Width="0.6" Name="UL655">PPE.UL655.ASOKU</Line>
        <Line Width="0.6" Name="UL674">KEHLI.UL674.ALURU</Line>
        <Line Width="0.6" Name="UM206">SESNO.UM206.DASMO</Line>
        <Line Width="0.6" Name="UM207">CPE.UM207.ATUTO</Line>
        <Line Width="0.6" Name="UM208">CPE.UM208.DASMO</Line>
        <Line Width="0.6" Name="UM209">DUTNA.UM209.ANIKO</Line>
        <Line Width="0.6" Name="UM210">VER.UM210.MIROX</Line>
        <Line Width="0.6" Name="UM345">AXEXO.UM345.PAZ</Line>
        <Line Width="0.6" Name="UM346">AXOMU.UM346.ULARI</Line>
        <Line Width="0.6" Name="UM575">CLONN.UM575.TAM</Line>
        <Line Width="0.6" Name="UM580">AVALI.UM580.IRDOV</Line>
        <Line Width="0.6" Name="UM782">ITLOM.UM782.TAKUX</Line>
        <Line Width="0.6" Name="UM787">KAVRU.UM787.PILKO</Line>
        <Line Width="0.6" Name="UP659">OAX.UP659.TUKEV</Line>
        <Line Width="0.6" Name="UQ101">URSUR.UQ101.ITLAS</Line>
        <Line Width="0.6" Name="UQ102">VOKOM.UQ102.SLP</Line>
        <Line Width="0.6" Name="UQ103">GOLFO.UQ103.AGU</Line>
        <Line Width="0.6" Name="UQ104">AVRIL.UQ104.AGU</Line>
        <Line Width="0.6" Name="UT1">MOV.UT1.TNY</Line>
        <Line Width="0.6" Name="UT2">XOSGI.UT2.AGU</Line>
        <Line Width="0.6" Name="UT3">URKOM.UT3.MOV</Line>
        <Line Width="0.6" Name="UT4">TIJ.UT4.PVR</Line>
        <Line Width="0.6" Name="UT5">SLW.UT5.ZCL</Line>
        <Line Width="0.6" Name="UT6">SIDGA.UT6.PVR</Line>
        <Line Width="0.6" Name="UT7">UKIVI.UT7.LMM</Line>
        <Line Width="0.6" Name="UT8">PPE.UT8.LMM</Line>
        <Line Width="0.6" Name="UT9">KAVRA.UT9.BECON</Line>
        <Line Width="0.6" Name="UT10">PPE.UT10.ZCL</Line>
        <Line Width="0.6" Name="UT11">PPE.UT11.CUN</Line>
        <Line Width="0.6" Name="UT12">VYLLA.UT12.NABAS</Line>
        <Line Width="0.6" Name="UT14">SJD.UT14.TNY</Line>
        <Line Width="0.6" Name="UT15">LAP.UT15.TNY</Line>
        <Line Width="0.6" Name="UT16">BECON.UT16.MZT</Line>
        <Line Width="0.6" Name="UT17">VOMAR.UT17.ELURA</Line>
        <Line Width="0.6" Name="UT18">TIJ.UJT8.NABAS</Line>
        <Line Width="0.6" Name="UT19">VOLOM.UT19.MID</Line>
        <Line Width="0.6" Name="UT20">PAZ.UT20.CZA</Line>
        <Line Width="0.6" Name="UT22">MAM.UT22.CZA</Line>
        <Line Width="0.6" Name="UT23">TAM.UT23.XUDUN</Line>
        <Line Width="0.6" Name="UT24">UBVOV.UT24.VIVEP</Line>
        <Line Width="0.6" Name="UT25">MXL.UT25.LTO</Line>
        <Line Width="0.6" Name="UT26">CLONN.UT26.KEKRI</Line>
        <Line Width="0.6" Name="UT27">PISAD.UT27.CUN</Line>
        <Line Width="0.6" Name="UT28">MEDIR.UT28.XUDUN</Line>
        <Line Width="0.6" Name="UT29">URTOK.UT29.SIGMA</Line>
        <Line Width="0.6" Name="UT30">CME.UT30.CZM</Line>
        <Line Width="0.6" Name="UT37">SESNO.UT37.PERGO</Line>
        <Line Width="0.6" Name="UT37">NUDIS.UT38.LEVAT</Line>
        <Line Width="0.6" Name="UT41">AXASA.UT41.CUU</Line>
        <Line Width="0.6" Name="UT42">TADNA.UT42.DUSOV</Line>
        <Line Width="0.6" Name="UT43">NUDIS.UT43.VOMAR</Line>
        <Line Width="0.6" Name="UT44">AGU.UT44.AXEDO</Line>
        <Line Width="0.6" Name="UT45">IRDOV.UT45.OMVIP</Line>
        <Line Width="0.6" Name="UT46">CME.UT46.TAM</Line>
        <Line Width="0.6" Name="UT47">URTEL.UT47.XUDUN</Line>
        <Line Width="0.6" Name="UT48">MAM.UT48.AVALI</Line>
        <Line Width="0.6" Name="UT49">NABAS.UT49.DGO</Line>
        <Line Width="0.6" Name="UT50">TAGMO.UT50.ASUTA</Line>
        <Line Width="0.6" Name="UT55">BETAS.UT55.XUDUN</Line>
        <Line Width="0.6" Name="UT56">CUA.UT56.OTMOS</Line>
        <Line Width="0.6" Name="UT60">ANILA.UT60.AXASA</Line>
        <Line Width="0.6" Name="UT62">SIFTO.UT62.PAULE</Line>
        <Line Width="0.6" Name="UT63">TAJJO.UT63.AGPOD</Line>
        <Line Width="0.6" Name="UT64">TIJ.UT64.SQN</Line>
        <Line Width="0.6" Name="UT65">GOTAS.UT65.PAULE</Line>
        <Line Width="0.6" Name="UT67">HMO.UT67.ANEGO</Line>
        <Line Width="0.6" Name="UT71">DGO.UT71.TENAY</Line>
        <Line Width="0.6" Name="UT73">BOBDI.UT73.TENAY</Line>
        <Line Width="0.6" Name="UT75">ILIGA.UT75.KEDIX</Line>
        <Line Width="0.6" Name="UT78">UDGUV.UT78.MEDOS</Line>
        <Line Width="0.6" Name="UT85">PIROK.UT85.COFRE</Line>
        <Line Width="0.6" Name="UT88">TRC.UT88.OLESI</Line>
        <Line Width="0.6" Name="UT90">UBVOV.UT90.MORIC</Line>
        <Line Width="0.6" Name="UT100">TAM.UT100.ENAGA</Line>
        <Line Width="0.6" Name="UT101">UBVOV.UT101.ENAGA</Line>
        <Line Width="0.6" Name="UT103">LEXOR.UT103.UMAVO</Line>
        <Line Width="0.6" Name="UT104">PAZ.UT104.LENUL</Line>
        <Line Width="0.6" Name="UT105">NOXOS.UT105.CHALY</Line>
        <Line Width="0.6" Name="UT106">ILOLU.UT106.COFRE</Line>
        <Line Width="0.6" Name="UT107">OMOKU.UT107.ELURA</Line>
        <Line Width="0.6" Name="UT109">TILOB.UT109.UGATA</Line>
        <Line Width="0.6" Name="UT110">ELIKU.UT110.MEBAS</Line>
        <Line Width="0.6" Name="UT111">VER.UT111.MEBAS</Line>
        <Line Width="0.6" Name="UT113">TEVOS.UT113.GARES</Line>
        <Line Width="0.6" Name="UT114">TEVOS.UT114.HUX</Line>
        <Line Width="0.6" Name="UT115">TEVOS.UT115.MEMDI</Line>
        <Line Width="0.6" Name="UT116">TEVOS.UT116.VOKAM</Line>
        <Line Width="0.6" Name="UT117">KANOX.UT117.KELBO</Line>
        <Line Width="0.6" Name="UT118">ILENA.UT118.ESPOS</Line>
        <Line Width="0.6" Name="UT119">VOLAT.UT119.ESPOS</Line>
        <Line Width="0.6" Name="UT120">ALNUS.UT120.ELILA</Line>
        <Line Width="0.6" Name="UT122">ULEBA.UT122.IKLEM</Line>
        <Line Width="0.6" Name="UT123">EBDEG.UT123.OVAGO</Line>
        <Line Width="0.6" Name="UT124">PURAM.UT124.SEBON</Line>
        <Line Width="0.6" Name="UT125">SEBON.UT125.PAMAB</Line>
        <Line Width="0.6" Name="UT126">KARUN.UT126.ITLAS</Line>
        <Line Width="0.6" Name="UT127">FRESA.UT127.XOSAS</Line>
        <Line Width="0.6" Name="UT129">AGU.UT129.DARAN</Line>
        <Line Width="0.6" Name="UT130">ZCL.UT130.KAPEL</Line>
        <Line Width="0.6" Name="UT131">SLP.UT131.DARAN</Line>
        <Line Width="0.6" Name="UT132">KERGA.UT132.DARAN</Line>
        <Line Width="0.6" Name="UT133">ATURO.UT133.KAPEL</Line>
        <Line Width="0.6" Name="UT134">OTAKA.UT134.ZCL</Line>
        <Line Width="0.6" Name="UT135">ALOMA.UT135.AXABA</Line>
        <Line Width="0.6" Name="UT136">AXIRI.UT136.ALOVO</Line>
        <Line Width="0.6" Name="UT137">AXIRI.UT137.MTY</Line>
        <Line Width="0.6" Name="UT138">AXIRI.UT138.TALPU</Line>
        <Line Width="0.6" Name="UT139">IKLAN.UT139.ONGOB</Line>
        <Line Width="0.6" Name="UT140">IKLAN.UT140.TAM</Line>
        <Line Width="0.6" Name="UT141">IKLAN.UT141.LOSBA</Line>
        <Line Width="0.6" Name="UT143">DURIB.UT143.NABES</Line>
        <Line Width="0.6" Name="UT144">SEBON.UT144.ANEVU</Line>
        <Line Width="0.6" Name="UT145">IGSON.UT145.UPN</Line>
        <Line Width="0.6" Name="UT146">PTJ.UT146.LONKU</Line>
        <Line Width="0.6" Name="UT147">NUBIG.UT147.GOYAS</Line>
        <Line Width="0.6" Name="UT148">KENDU.UT148.OTEKA</Line>
        <Line Width="0.6" Name="UT149">AVSUB.UT149.AVALI</Line>
        <Line Width="0.6" Name="UT150">QET.UT150.DARAN</Line>
        <Line Width="0.6" Name="UT151">ALUXU.UT151.VER</Line>
        <Line Width="0.6" Name="UT153">DEDKU.UT153.RADAP</Line>
        <Line Width="0.6" Name="UT154">PAZ.UT154.ENAGA</Line>
        <Line Width="0.6" Name="UT155">KIROG.UT155.ELURA</Line>
        <Line Width="0.6" Name="UT156">IMIDA.UT156.AVIVI</Line>
        <Line Width="0.6" Name="UT157">KODEK.UT157.VIMBO</Line>
        <Line Width="0.6" Name="UT158">KODEK.UT158.KAVRU</Line>
        <Line Width="0.6" Name="UT159">GDL.UT159.USBIM</Line>   
        <Line Width="0.6" Name="UT167">TAM.UT167.TEQ</Line> 
        <Line Width="0.6" Name="UT169">AVALI.UT169.VITOS</Line>
        <Line Width="0.6" Name="UT170">RIBAX.UT170.BESAN</Line>
    </Map>
</Maps>
