<?xml version="1.0" encoding="utf-8"?>
<Maps>
    <Map Type="System" Name="Sector - Fijos Principales" Priority="1" Center="+204657.054-0865400.018">
        <Symbol Type="SolidTriangle">
            <Point>ABLON</Point>
            <Point>ADRAX</Point>
            <Point>AGLEN</Point>
            <Point>AGNID</Point>
            <Point>ALESA</Point>
            <Point>ALIPO</Point>
            <Point>ALITA</Point>
            <Point>ALITO</Point>
            <Point>ALKEM</Point>
            <Point>ALKEN</Point>
            <Point>ALNUR</Point>
            <Point>ALNUS</Point>
            <Point>ALOMA</Point>
            <Point>ALOMA</Point>
            <Point>ALOVO</Point>
            <Point>ALOVO</Point>
            <Point>ALRUM</Point>
            <Point>ALSAL</Point>
            <Point>ALSUL</Point>
            <Point>ALSUP</Point>
            <Point>ALUEN</Point>
            <Point>ALUNI</Point>
            <Point>ALURU</Point>
            <Point>ALUSU</Point>
            <Point>ALUXO</Point>
            <Point>ALUXU</Point>
            <Point>AMAGA</Point>
            <Point>AMEKU</Point>
            <Point>AMIDA</Point>
            <Point>AMILO</Point>
            <Point>AMORI</Point>
            <Point>AMUKI</Point>
            <Point>AMULA</Point>
            <Point>ANADU</Point>
            <Point>ANALU</Point>
            <Point>ANEGI</Point>
            <Point>ANEPU</Point>
            <Point>ANEVU</Point>
            <Point>ANIKO</Point>
            <Point>ANILA</Point>
            <Point>ANREX</Point>
            <Point>ASOKU</Point>
            <Point>ASUTA</Point>
            <Point>ATURO</Point>
            <Point>ATUTO</Point>
            <Point>AUTLA</Point>
            <Point>AVADA</Point>
            <Point>AVALI</Point>
            <Point>AVINA</Point>
            <Point>AVISU</Point>
            <Point>AVIVI</Point>
            <Point>AVRAV</Point>
            <Point>AVRIL</Point>
            <Point>AVSUB</Point>
            <Point>AVTUD</Point>
            <Point>AVUMO</Point>
            <Point>AXABA</Point>
            <Point>AXAKO</Point>
            <Point>AXASA</Point>
            <Point>AXEDO</Point>
            <Point>AXEPA</Point>
            <Point>AXESU</Point>
            <Point>AXEXO</Point>
            <Point>AXIRI</Point>
            <Point>AXOMU</Point>
            <Point>BASKO</Point>
            <Point>BECON</Point>
            <Point>BEMOX</Point>
            <Point>BEXOL</Point>
            <Point>BOBDI</Point>
            <Point>BOKMO</Point>
            <Point>BONUX</Point>
            <Point>BOPEM</Point>
            <Point>BOSAS</Point>
            <Point>CALIZ</Point>
            <Point>CAMUI</Point>
            <Point>CAPUL</Point>
            <Point>CHALY</Point>
            <Point>CLONN</Point>
            <Point>COAPA</Point>
            <Point>COFRE</Point>
            <Point>COPOS</Point>
            <Point>COTZA</Point>
            <Point>DAJOR</Point>
            <Point>DANIS</Point>
            <Point>DAPAN</Point>
            <Point>DARAN</Point>
            <Point>DASKA</Point>
            <Point>DASMO</Point>
            <Point>DASVU</Point>
            <Point>DATBI</Point>
            <Point>DAVUL</Point>
            <Point>DEDKU</Point>
            <Point>DEDKU</Point>
            <Point>DERVI</Point>
            <Point>DEVOE</Point>
            <Point>DOTOR</Point>
            <Point>DULGU</Point>
            <Point>DUPLO</Point>
            <Point>DUPUD</Point>
            <Point>DURDO</Point>
            <Point>DURIB</Point>
            <Point>DURPA</Point>
            <Point>DURPA</Point>
            <Point>DUSAT</Point>
            <Point>DUSOV</Point>
            <Point>DUSPI</Point>
            <Point>DUTAB</Point>
            <Point>DUTES</Point>
            <Point>DUTNA</Point>
            <Point>DUTRO</Point>
            <Point>DUVKA</Point>
            <Point>EBDEG</Point>
            <Point>EBDUB</Point>
            <Point>EBLEV</Point>
            <Point>EBLON</Point>
            <Point>ELERA</Point>
            <Point>ELIKU</Point>
            <Point>ELILA</Point>
            <Point>ELOGO</Point>
            <Point>ELOLU</Point>
            <Point>ELOPA</Point>
            <Point>ELURA</Point>
            <Point>ELVED</Point>
            <Point>EMADA</Point>
            <Point>EMIRA</Point>
            <Point>EMOSA</Point>
            <Point>EMPIX</Point>
            <Point>EMUDA</Point>
            <Point>ENAGA</Point>
            <Point>ENEKO</Point>
            <Point>EPSEN</Point>
            <Point>ERBAM</Point>
            <Point>ERBOS</Point>
            <Point>ERDEL</Point>
            <Point>ESPOS</Point>
            <Point>ESRUS</Point>
            <Point>ESTIV</Point>
            <Point>ETLEP</Point>
            <Point>ETMES</Point>
            <Point>FOBOS</Point>
            <Point>FRESA</Point>
            <Point>GABAT</Point>
            <Point>GABLI</Point>
            <Point>GAONA</Point>
            <Point>GAONA</Point>
            <Point>GARES</Point>
            <Point>GODOY</Point>
            <Point>GOLFO</Point>
            <Point>GOTAS</Point>
            <Point>GOYAS</Point>
            <Point>GRALA</Point>
            <Point>HORTA</Point>
            <Point>IGSON</Point>
            <Point>IGVOR</Point>
            <Point>IKLAN</Point>
            <Point>IKLEM</Point>
            <Point>ILAMA</Point>
            <Point>ILAXA</Point>
            <Point>ILELA</Point>
            <Point>ILEMA</Point>
            <Point>ILENA</Point>
            <Point>ILETO</Point>
            <Point>ILIGA</Point>
            <Point>ILIGO</Point>
            <Point>ILONO</Point>
            <Point>ILUBA</Point>
            <Point>IMARI</Point>
            <Point>IMASO</Point>
            <Point>IMEXA</Point>
            <Point>IMINO</Point>
            <Point>IMODA</Point>
            <Point>IMOLI</Point>
            <Point>IMOSO</Point>
            <Point>IMUSU</Point>
            <Point>IPRUL</Point>
            <Point>IPSEV</Point>
            <Point>IPSIS</Point>
            <Point>IPVOS</Point>
            <Point>IRBEK</Point>
            <Point>IRDOV</Point>
            <Point>IREKO</Point>
            <Point>IRLAS</Point>
            <Point>ITBEN</Point>
            <Point>ITBEN</Point>
            <Point>ITLAS</Point>
            <Point>ITLOM</Point>
            <Point>ITPIS</Point>
            <Point>ITPUM</Point>
            <Point>JALIL</Point>
            <Point>KANAL</Point>
            <Point>KANNA</Point>
            <Point>KANOX</Point>
            <Point>KAPEL</Point>
            <Point>KARIR</Point>
            <Point>KARUN</Point>
            <Point>KATIS</Point>
            <Point>KATLA</Point>
            <Point>KAVOR</Point>
            <Point>KAVRA</Point>
            <Point>KAVRU</Point>
            <Point>KEBEX</Point>
            <Point>KEDIX</Point>
            <Point>KEHLI</Point>
            <Point>KEKRI</Point>
            <Point>KELBO</Point>
            <Point>KENDU</Point>
            <Point>KERGA</Point>
            <Point>KESMI</Point>
            <Point>KEYLO</Point>
            <Point>KIPAL</Point>
            <Point>KODEK</Point>
            <Point>LARLO</Point>
            <Point>LAYKE</Point>
            <Point>LENEG</Point>
            <Point>LENEM</Point>
            <Point>LENUK</Point>
            <Point>LENUL</Point>
            <Point>LERIL</Point>
            <Point>LERIV</Point>
            <Point>LEROX</Point>
            <Point>LETAL</Point>
            <Point>LEVAT</Point>
            <Point>LEXOR</Point>
            <Point>LEXUD</Point>
            <Point>LIBAR</Point>
            <Point>LIDAM</Point>
            <Point>LIDAR</Point>
            <Point>LIDED</Point>
            <Point>LIPEP</Point>
            <Point>LIRGA</Point>
            <Point>LIRPO</Point>
            <Point>LIVRO</Point>
            <Point>LLANO</Point>
            <Point>LOBRA</Point>
            <Point>LONKU</Point>
            <Point>LONVA</Point>
            <Point>LOSBA</Point>
            <Point>MANTA</Point>
            <Point>MAPEN</Point>
            <Point>MARID</Point>
            <Point>MATOL</Point>
            <Point>MATUR</Point>
            <Point>MAVED</Point>
            <Point>MAVIK</Point>
            <Point>MAXUL</Point>
            <Point>MEBAS</Point>
            <Point>MEDEX</Point>
            <Point>MEDIR</Point>
            <Point>MEDOS</Point>
            <Point>MELBO</Point>
            <Point>MELNO</Point>
            <Point>MEMDI</Point>
            <Point>MIDRA</Point>
            <Point>MIROX</Point>
            <Point>MISAS</Point>
            <Point>MITIN</Point>
            <Point>MIVIS</Point>
            <Point>MORAS</Point>
            <Point>MORIC</Point>
            <Point>MUNDA</Point>
            <Point>MURDU</Point>
            <Point>MUVAP</Point>
            <Point>MUXEP</Point>
            <Point>MYDIA</Point>
            <Point>NABAS</Point>
            <Point>NABDA</Point>
            <Point>NABES</Point>
            <Point>NAGIV</Point>
            <Point>NAPDA</Point>
            <Point>NOREL</Point>
            <Point>NOSAT</Point>
            <Point>NOSOL</Point>
            <Point>NOTAL</Point>
            <Point>NOTAR</Point>
            <Point>NOTEN</Point>
            <Point>NOTOL</Point>
            <Point>NOTOR</Point>
            <Point>NOTOS</Point>
            <Point>NOTUP</Point>
            <Point>NOVUL</Point>
            <Point>NOXOS</Point>
            <Point>NUBEL</Point>
            <Point>NUBIG</Point>
            <Point>NUBIT</Point>
            <Point>NUDAL</Point>
            <Point>NUDIS</Point>
            <Point>NUDOS</Point>
            <Point>NUGAD</Point>
            <Point>NUGUS</Point>
            <Point>NUKAN</Point>
            <Point>NUXCO</Point>
            <Point>OBSEV</Point>
            <Point>ODKOK</Point>
            <Point>OKOMA</Point>
            <Point>OLESI</Point>
            <Point>OLULA</Point>
            <Point>OLUNO</Point>
            <Point>OMATO</Point>
            <Point>OMISI</Point>
            <Point>OMIXA</Point>
            <Point>OMPAN</Point>
            <Point>OMVIP</Point>
            <Point>OMVOM</Point>
            <Point>ONBIK</Point>
            <Point>ONDIS</Point>
            <Point>ONGIG</Point>
            <Point>ONGOB</Point>
            <Point>ONGON</Point>
            <Point>OTAKA</Point>
            <Point>OTEKA</Point>
            <Point>OTEXA</Point>
            <Point>OTIGA</Point>
            <Point>OTITI</Point>
            <Point>OTMOS</Point>
            <Point>OTOBA</Point>
            <Point>OTOGU</Point>
            <Point>OTOSO</Point>
            <Point>OTRUD</Point>
            <Point>OTUDI</Point>
            <Point>OTUPA</Point>
            <Point>OVAGO</Point>
            <Point>OVEKO</Point>
            <Point>OVETU</Point>
            <Point>OVISO</Point>
            <Point>OXALA</Point>
            <Point>PAMAB</Point>
            <Point>PEKSI</Point>
            <Point>PERGO</Point>
            <Point>PESPA</Point>
            <Point>PIDNI</Point>
            <Point>PIDNI</Point>
            <Point>PIKBU</Point>
            <Point>PILKO</Point>
            <Point>PIROK</Point>
            <Point>PISAD</Point>
            <Point>PITUS</Point>
            <Point>PIVAN</Point>
            <Point>PIVOL</Point>
            <Point>PIXEN</Point>
            <Point>PIXON</Point>
            <Point>PLAYA</Point>
            <Point>PURAM</Point>
            <Point>PYRAN</Point>
            <Point>RABAX</Point>
            <Point>RABIL</Point>
            <Point>RADAP</Point>
            <Point>RADAS</Point>
            <Point>RAJOR</Point>
            <Point>RAKAR</Point>
            <Point>RETOS</Point>
            <Point>REXES</Point>
            <Point>RIBAX</Point>
            <Point>RIBIS</Point>
            <Point>RIKAN</Point>
            <Point>ROGDI</Point>
            <Point>ROKBI</Point>
            <Point>ROMAN</Point>
            <Point>RUDLO</Point>
            <Point>RUDMA</Point>
            <Point>SANJE</Point>
            <Point>SASES</Point>
            <Point>SAVEK</Point>
            <Point>SEBON</Point>
            <Point>SELIR</Point>
            <Point>SESNO</Point>
            <Point>SESVA</Point>
            <Point>SETMA</Point>
            <Point>SHAPA</Point>
            <Point>SIDGA</Point>
            <Point>SIGMA</Point>
            <Point>SIKMA</Point>
            <Point>SILAC</Point>
            <Point>SILMA</Point>
            <Point>SINLO</Point>
            <Point>SOUSY</Point>
            <Point>SUSOV</Point>
            <Point>SUTAR</Point>
            <Point>SUTIL</Point>
            <Point>SUTOL</Point>
            <Point>TADET</Point>
            <Point>TADIR</Point>
            <Point>TAGIB</Point>
            <Point>TAGIB</Point>
            <Point>TAGMO</Point>
            <Point>TAJIN</Point>
            <Point>TAKRO</Point>
            <Point>TAKUX</Point>
            <Point>TALPU</Point>
            <Point>TAMET</Point>
            <Point>TANEX</Point>
            <Point>TASTO</Point>
            <Point>TATGA</Point>
            <Point>TAVLO</Point>
            <Point>TECUN</Point>
            <Point>TENAY</Point>
            <Point>TEVET</Point>
            <Point>TEVON</Point>
            <Point>TEVOS</Point>
            <Point>TIMAS</Point>
            <Point>TOREO</Point>
            <Point>TUGIR</Point>
            <Point>TUKEV</Point>
            <Point>TULUN</Point>
            <Point>TUMEN</Point>
            <Point>TUZAS</Point>
            <Point>UBVOV</Point>
            <Point>UDGUV</Point>
            <Point>UGATA</Point>
            <Point>UGERO</Point>
            <Point>UKIRO</Point>
            <Point>UKIVI</Point>
            <Point>UKORO</Point>
            <Point>UKRAK</Point>
            <Point>UKROR</Point>
            <Point>UKSEL</Point>
            <Point>UKUNO</Point>
            <Point>ULARI</Point>
            <Point>ULEBA</Point>
            <Point>ULEGO</Point>
            <Point>ULUAS</Point>
            <Point>ULUMA</Point>
            <Point>UMAVO</Point>
            <Point>UMAXA</Point>
            <Point>UMEDO</Point>
            <Point>UMELO</Point>
            <Point>UMETA</Point>
            <Point>URKOM</Point>
            <Point>URKOP</Point>
            <Point>URLET</Point>
            <Point>URLIX</Point>
            <Point>URMAS</Point>
            <Point>URPAV</Point>
            <Point>URSUR</Point>
            <Point>URTEL</Point>
            <Point>URTOK</Point>
            <Point>URVEM</Point>
            <Point>URVIK</Point>
            <Point>URVUT</Point>
            <Point>USBAR</Point>
            <Point>USBIL</Point>
            <Point>USBIM</Point>
            <Point>USDAD</Point>
            <Point>VERBA</Point>
            <Point>VESKO</Point>
            <Point>VETRI</Point>
            <Point>VEVRA</Point>
            <Point>VEVRA</Point>
            <Point>VIBSA</Point>
            <Point>VICKY</Point>
            <Point>VIDNO</Point>
            <Point>VIKDO</Point>
            <Point>VILPO</Point>
            <Point>VIMBO</Point>
            <Point>VINVA</Point>
            <Point>VITOS</Point>
            <Point>VIVAD</Point>
            <Point>VIVEP</Point>
            <Point>VIXER</Point>
            <Point>VODAG</Point>
            <Point>VODIV</Point>
            <Point>VOGAS</Point>
            <Point>VOGON</Point>
            <Point>VOKAM</Point>
            <Point>VOKIR</Point>
            <Point>VOKOM</Point>
            <Point>VOLAT</Point>
            <Point>VOLIS</Point>
            <Point>VOMAR</Point>
            <Point>VOMAS</Point>
            <Point>VYLLA</Point>
            <Point>WIPPO</Point>
            <Point>XOMLU</Point>
            <Point>XOPRU</Point>
            <Point>XOPVO</Point>
            <Point>XORUV</Point>
            <Point>XORVO</Point>
            <Point>XOSAS</Point>
            <Point>XOSGI</Point>
            <Point>XOSIM</Point>
            <Point>XOSLO</Point>
            <Point>XOSOK</Point>
            <Point>XOSUD</Point>
            <Point>XOSVO</Point>
            <Point>XOTER</Point>
            <Point>XOTUG</Point>
            <Point>XOVAB</Point>
            <Point>XOVOM</Point>
            <Point>XOXAD</Point>
            <Point>XOXIL</Point>
            <Point>XUDED</Point>
            <Point>XUDUN</Point>
            <Point>XUGAD</Point>
            <Point>YEDRA</Point>
            <Point>ZARCO</Point>
        </Symbol>
    </Map>
    <Map Type="System" Name="Sector - Fijos Principales (Nombres)" Priority="1" Center="+204657.054-0865400.018">
        <Label HasLeader="false">
            <Point>ABLON</Point>
            <Point>ADRAX</Point>
            <Point>AGLEN</Point>
            <Point>AGNID</Point>
            <Point>ALESA</Point>
            <Point>ALIPO</Point>
            <Point>ALITA</Point>
            <Point>ALITO</Point>
            <Point>ALKEM</Point>
            <Point>ALNUR</Point>
            <Point>ALNUS</Point>
            <Point>ALOMA</Point>
            <Point>ALOMA</Point>
            <Point>ALOVO</Point>
            <Point>ALOVO</Point>
            <Point>ALRUM</Point>
            <Point>ALSAL</Point>
            <Point>ALSUL</Point>
            <Point>ALSUP</Point>
            <Point>ALUEN</Point>
            <Point>ALUNI</Point>
            <Point>ALURU</Point>
            <Point>ALUSU</Point>
            <Point>ALUXO</Point>
            <Point>ALUXU</Point>
            <Point>AMEKU</Point>
            <Point>AMIDA</Point>
            <Point>AMILO</Point>
            <Point>AMORI</Point>
            <Point>AMUKI</Point>
            <Point>AMULA</Point>
            <Point>ANADU</Point>
            <Point>ANALU</Point>
            <Point>ANEGI</Point>
            <Point>ANEPU</Point>
            <Point>ANEVU</Point>
            <Point>ANIKO</Point>
            <Point>ANILA</Point>
            <Point>ANREX</Point>
            <Point>ASOKU</Point>
            <Point>ASUTA</Point>
            <Point>ATURO</Point>
            <Point>ATUTO</Point>
            <Point>AUTLA</Point>
            <Point>AVADA</Point>
            <Point>AVALI</Point>
            <Point>AVINA</Point>
            <Point>AVISU</Point>
            <Point>AVIVI</Point>
            <Point>AVRAV</Point>
            <Point>AVRIL</Point>
            <Point>AVSUB</Point>
            <Point>AVTUD</Point>
            <Point>AVUMO</Point>
            <Point>AXABA</Point>
            <Point>AXAKO</Point>
            <Point>AXASA</Point>
            <Point>AXEDO</Point>
            <Point>AXEPA</Point>
            <Point>AXESU</Point>
            <Point>AXEXO</Point>
            <Point>AXIRI</Point>
            <Point>AXOMU</Point>
            <Point>BASKO</Point>
            <Point>BECON</Point>
            <Point>BEMOX</Point>
            <Point>BEXOL</Point>
            <Point>BOBDI</Point>
            <Point>BOKMO</Point>
            <Point>BONUX</Point>
            <Point>BOPEM</Point>
            <Point>BOSAS</Point>
            <Point>CALIZ</Point>
            <Point>CAMUI</Point>
            <Point>CHALY</Point>
            <Point>CLONN</Point>
            <Point>COAPA</Point>
            <Point>COFRE</Point>
            <Point>COPOS</Point>
            <Point>COTZA</Point>
            <Point>DAJOR</Point>
            <Point>DANIS</Point>
            <Point>DAPAN</Point>
            <Point>DARAN</Point>
            <Point>DASKA</Point>
            <Point>DASMO</Point>
            <Point>DASVU</Point>
            <Point>DATBI</Point>
            <Point>DAVUL</Point>
            <Point>DEDKU</Point>
            <Point>DEDKU</Point>
            <Point>DERVI</Point>
            <Point>DEVOE</Point>
            <Point>DOTOR</Point>
            <Point>DULGU</Point>
            <Point>DUPLO</Point>
            <Point>DUPUD</Point>
            <Point>DURDO</Point>
            <Point>DURIB</Point>
            <Point>DURPA</Point>
            <Point>DURPA</Point>
            <Point>DUSAT</Point>
            <Point>DUSOV</Point>
            <Point>DUSPI</Point>
            <Point>DUTAB</Point>
            <Point>DUTES</Point>
            <Point>DUTNA</Point>
            <Point>DUTRO</Point>
            <Point>DUVKA</Point>
            <Point>EBDEG</Point>
            <Point>EBDUB</Point>
            <Point>EBLEV</Point>
            <Point>EBLON</Point>
            <Point>ELERA</Point>
            <Point>ELIKU</Point>
            <Point>ELILA</Point>
            <Point>ELOGO</Point>
            <Point>ELOLU</Point>
            <Point>ELOPA</Point>
            <Point>ELURA</Point>
            <Point>ELVED</Point>
            <Point>EMADA</Point>
            <Point>EMIRA</Point>
            <Point>EMOSA</Point>
            <Point>EMPIX</Point>
            <Point>EMUDA</Point>
            <Point>ENAGA</Point>
            <Point>ENEKO</Point>
            <Point>EPSEN</Point>
            <Point>ERBAM</Point>
            <Point>ERBOS</Point>
            <Point>ERDEL</Point>
            <Point>ESPOS</Point>
            <Point>ESRUS</Point>
            <Point>ESTIV</Point>
            <Point>ETLEP</Point>
            <Point>ETMES</Point>
            <Point>FOBOS</Point>
            <Point>GABAT</Point>
            <Point>GABLI</Point>
            <Point>GAONA</Point>
            <Point>GAONA</Point>
            <Point>GARES</Point>
            <Point>GODOY</Point>
            <Point>GOLFO</Point>
            <Point>GOTAS</Point>
            <Point>GOYAS</Point>
            <Point>GRALA</Point>
            <Point>HORTA</Point>
            <Point>IGSON</Point>
            <Point>IGVOR</Point>
            <Point>IKLAN</Point>
            <Point>IKLEM</Point>
            <Point>ILAMA</Point>
            <Point>ILAXA</Point>
            <Point>ILELA</Point>
            <Point>ILEMA</Point>
            <Point>ILENA</Point>
            <Point>ILETO</Point>
            <Point>ILIGA</Point>
            <Point>ILIGO</Point>
            <Point>ILONO</Point>
            <Point>ILUBA</Point>
            <Point>IMARI</Point>
            <Point>IMASO</Point>
            <Point>IMEXA</Point>
            <Point>IMINO</Point>
            <Point>IMODA</Point>
            <Point>IMOLI</Point>
            <Point>IMOSO</Point>
            <Point>IMUSU</Point>
            <Point>IPRUL</Point>
            <Point>IPSEV</Point>
            <Point>IPSIS</Point>
            <Point>IPVOS</Point>
            <Point>IRBEK</Point>
            <Point>IRDOV</Point>
            <Point>IREKO</Point>
            <Point>IRLAS</Point>
            <Point>ITBEN</Point>
            <Point>ITBEN</Point>
            <Point>ITLAS</Point>
            <Point>ITLOM</Point>
            <Point>ITPIS</Point>
            <Point>ITPUM</Point>
            <Point>JALIL</Point>
            <Point>KANAL</Point>
            <Point>KANNA</Point>
            <Point>KANOX</Point>
            <Point>KAPEL</Point>
            <Point>KARIR</Point>
            <Point>KARUN</Point>
            <Point>KATIS</Point>
            <Point>KATLA</Point>
            <Point>KAVOR</Point>
            <Point>KAVRA</Point>
            <Point>KAVRU</Point>
            <Point>KEBEX</Point>
            <Point>KEDIX</Point>
            <Point>KEHLI</Point>
            <Point>KEKRI</Point>
            <Point>KELBO</Point>
            <Point>KENDU</Point>
            <Point>KERGA</Point>
            <Point>KEYLO</Point>
            <Point>KIPAL</Point>
            <Point>KODEK</Point>
            <Point>LARLO</Point>
            <Point>LAYKE</Point>
            <Point>LENEG</Point>
            <Point>LENEM</Point>
            <Point>LENUK</Point>
            <Point>LENUL</Point>
            <Point>LERIL</Point>
            <Point>LERIV</Point>
            <Point>LEROX</Point>
            <Point>LEVAT</Point>
            <Point>LEXOR</Point>
            <Point>LEXUD</Point>
            <Point>LIDAM</Point>
            <Point>LIDAR</Point>
            <Point>LIPEP</Point>
            <Point>LIRGA</Point>
            <Point>LIRPO</Point>
            <Point>LIVRO</Point>
            <Point>LLANO</Point>
            <Point>LOBRA</Point>
            <Point>LONKU</Point>
            <Point>LONVA</Point>
            <Point>LOSBA</Point>
            <Point>MANTA</Point>
            <Point>MAPEN</Point>
            <Point>MARID</Point>
            <Point>MATOL</Point>
            <Point>MATUR</Point>
            <Point>MAVED</Point>
            <Point>MAVIK</Point>
            <Point>MAXUL</Point>
            <Point>MEBAS</Point>
            <Point>MEDEX</Point>
            <Point>MEDIR</Point>
            <Point>MEDOS</Point>
            <Point>MELBO</Point>
            <Point>MELNO</Point>
            <Point>MEMDI</Point>
            <Point>MIDRA</Point>
            <Point>MIROX</Point>
            <Point>MISAS</Point>
            <Point>MITIN</Point>
            <Point>MIVIS</Point>
            <Point>MORAS</Point>
            <Point>MORIC</Point>
            <Point>MUNDA</Point>
            <Point>MURDU</Point>
            <Point>MUVAP</Point>
            <Point>MUXEP</Point>
            <Point>MYDIA</Point>
            <Point>NABAS</Point>
            <Point>NABDA</Point>
            <Point>NABES</Point>
            <Point>NAGIV</Point>
            <Point>NAPDA</Point>
            <Point>NOREL</Point>
            <Point>NOSAT</Point>
            <Point>NOSOL</Point>
            <Point>NOTAL</Point>
            <Point>NOTAR</Point>
            <Point>NOTEN</Point>
            <Point>NOTOL</Point>
            <Point>NOTOR</Point>
            <Point>NOTOS</Point>
            <Point>NOTUP</Point>
            <Point>NOVUL</Point>
            <Point>NOXOS</Point>
            <Point>NUBEL</Point>
            <Point>NUBIG</Point>
            <Point>NUBIT</Point>
            <Point>NUDAL</Point>
            <Point>NUDIS</Point>
            <Point>NUDOS</Point>
            <Point>NUGAD</Point>
            <Point>NUGUS</Point>
            <Point>NUKAN</Point>
            <Point>NUXCO</Point>
            <Point>OBSEV</Point>
            <Point>ODKOK</Point>
            <Point>OKOMA</Point>
            <Point>OLESI</Point>
            <Point>OLULA</Point>
            <Point>OMATO</Point>
            <Point>OMISI</Point>
            <Point>OMIXA</Point>
            <Point>OMPAN</Point>
            <Point>OMVIP</Point>
            <Point>OMVOM</Point>
            <Point>ONBIK</Point>
            <Point>ONDIS</Point>
            <Point>ONGIG</Point>
            <Point>ONGOB</Point>
            <Point>ONGON</Point>
            <Point>OTAKA</Point>
            <Point>OTEKA</Point>
            <Point>OTEXA</Point>
            <Point>OTIGA</Point>
            <Point>OTITI</Point>
            <Point>OTMOS</Point>
            <Point>OTOBA</Point>
            <Point>OTOGU</Point>
            <Point>OTOSO</Point>
            <Point>OTRUD</Point>
            <Point>OTUDI</Point>
            <Point>OTUPA</Point>
            <Point>OVAGO</Point>
            <Point>OVEKO</Point>
            <Point>OVETU</Point>
            <Point>OVISO</Point>
            <Point>OXALA</Point>
            <Point>PAMAB</Point>
            <Point>PEKSI</Point>
            <Point>PERGO</Point>
            <Point>PESPA</Point>
            <Point>PIDNI</Point>
            <Point>PIDNI</Point>
            <Point>PIKBU</Point>
            <Point>PILKO</Point>
            <Point>PIROK</Point>
            <Point>PISAD</Point>
            <Point>PITUS</Point>
            <Point>PIVAN</Point>
            <Point>PIVOL</Point>
            <Point>PIXEN</Point>
            <Point>PIXON</Point>
            <Point>PLAYA</Point>
            <Point>PURAM</Point>
            <Point>PYRAN</Point>
            <Point>RABAX</Point>
            <Point>RABIL</Point>
            <Point>RADAP</Point>
            <Point>RADAS</Point>
            <Point>RAJOR</Point>
            <Point>RAKAR</Point>
            <Point>RETOS</Point>
            <Point>REXES</Point>
            <Point>RIBAX</Point>
            <Point>RIBIS</Point>
            <Point>RIKAN</Point>
            <Point>ROGDI</Point>
            <Point>ROKBI</Point>
            <Point>ROMAN</Point>
            <Point>RUDLO</Point>
            <Point>RUDMA</Point>
            <Point>SANJE</Point>
            <Point>SASES</Point>
            <Point>SAVEK</Point>
            <Point>SEBON</Point>
            <Point>SELIR</Point>
            <Point>SESNO</Point>
            <Point>SETMA</Point>
            <Point>SHAPA</Point>
            <Point>SIDGA</Point>
            <Point>SIGMA</Point>
            <Point>SIKMA</Point>
            <Point>SILAC</Point>
            <Point>SILMA</Point>
            <Point>SINLO</Point>
            <Point>SOUSY</Point>
            <Point>SUSOV</Point>
            <Point>SUTAR</Point>
            <Point>SUTIL</Point>
            <Point>SUTOL</Point>
            <Point>TADET</Point>
            <Point>TADIR</Point>
            <Point>TAGIB</Point>
            <Point>TAGIB</Point>
            <Point>TAGMO</Point>
            <Point>TAJIN</Point>
            <Point>TAKRO</Point>
            <Point>TAKUX</Point>
            <Point>TALPU</Point>
            <Point>TAMET</Point>
            <Point>TANEX</Point>
            <Point>TASTO</Point>
            <Point>TATGA</Point>
            <Point>TAVLO</Point>
            <Point>TECUN</Point>
            <Point>TENAY</Point>
            <Point>TEVET</Point>
            <Point>TEVON</Point>
            <Point>TEVOS</Point>
            <Point>TIMAS</Point>
            <Point>TOREO</Point>
            <Point>TUKEV</Point>
            <Point>TULUN</Point>
            <Point>TUMEN</Point>
            <Point>TUZAS</Point>
            <Point>UBVOV</Point>
            <Point>UDGUV</Point>
            <Point>UGATA</Point>
            <Point>UGERO</Point>
            <Point>UKIRO</Point>
            <Point>UKIVI</Point>
            <Point>UKORO</Point>
            <Point>UKRAK</Point>
            <Point>UKROR</Point>
            <Point>UKSEL</Point>
            <Point>UKUNO</Point>
            <Point>ULARI</Point>
            <Point>ULEBA</Point>
            <Point>ULEGO</Point>
            <Point>ULUAS</Point>
            <Point>ULUMA</Point>
            <Point>UMAVO</Point>
            <Point>UMAXA</Point>
            <Point>UMEDO</Point>
            <Point>UMELO</Point>
            <Point>UMETA</Point>
            <Point>URKOM</Point>
            <Point>URKOP</Point>
            <Point>URLET</Point>
            <Point>URMAS</Point>
            <Point>URPAV</Point>
            <Point>URSUR</Point>
            <Point>URTEL</Point>
            <Point>URTOK</Point>
            <Point>URVEM</Point>
            <Point>URVIK</Point>
            <Point>URVUT</Point>
            <Point>USBAR</Point>
            <Point>USBIL</Point>
            <Point>USBIM</Point>
            <Point>USDAD</Point>
            <Point>VERBA</Point>
            <Point>VESKO</Point>
            <Point>VETRI</Point>
            <Point>VEVRA</Point>
            <Point>VEVRA</Point>
            <Point>VIBSA</Point>
            <Point>VIDNO</Point>
            <Point>VIKDO</Point>
            <Point>VILPO</Point>
            <Point>VIMBO</Point>
            <Point>VINVA</Point>
            <Point>VITOS</Point>
            <Point>VIVAD</Point>
            <Point>VIVEP</Point>
            <Point>VIXER</Point>
            <Point>VODAG</Point>
            <Point>VODIV</Point>
            <Point>VOGAS</Point>
            <Point>VOGON</Point>
            <Point>VOKAM</Point>
            <Point>VOKIR</Point>
            <Point>VOKOM</Point>
            <Point>VOLAT</Point>
            <Point>VOLIS</Point>
            <Point>VOMAR</Point>
            <Point>VOMAS</Point>
            <Point>VYLLA</Point>
            <Point>WIPPO</Point>
            <Point>XOPRU</Point>
            <Point>XOPVO</Point>
            <Point>XORUV</Point>
            <Point>XORVO</Point>
            <Point>XOSAS</Point>
            <Point>XOSGI</Point>
            <Point>XOSIM</Point>
            <Point>XOSLO</Point>
            <Point>XOSOK</Point>
            <Point>XOSUD</Point>
            <Point>XOSVO</Point>
            <Point>XOTER</Point>
            <Point>XOTUG</Point>
            <Point>XOVAB</Point>
            <Point>XOVOM</Point>
            <Point>XOXIL</Point>
            <Point>XUDED</Point>
            <Point>XUDUN</Point>
            <Point>XUGAD</Point>
            <Point>YEDRA</Point>
            <Point>ZARCO</Point>
        </Label>
        <Label HasLeader="false" LabelOrientation="S">
            <Point>ALKEN</Point>
            <Point>AMAGA</Point>
            <Point>AMAGA</Point>
            <Point>FRESA</Point>
            <Point>KESMI</Point>
            <Point>LETAL</Point>
            <Point>SESVA</Point>
            <Point>VICKY</Point>
            <Point>XOMLU</Point>
            <Point>XOXAD</Point>
            <Point>URLIX</Point>
        </Label>
        <Label HasLeader="false" LabelOrientation="SW">
            <Point>LIBAR</Point>
        </Label>
        <Label HasLeader="false" LabelOrientation="W">
            <Point>CAPUL</Point>
            <Point>OLUNO</Point>
            <Point>TUGIR</Point>
            <Point>LIDED</Point>
        </Label>
    </Map>
    <Map Type="System" Name="Sector - Radioayudas" Priority="1" Center="+204657.054-0865400.018">
        <Symbol Type="HollowSquare">
            <Point>ACA</Point>
            <Point>ADN</Point>
            <Point>AGU</Point>
            <Point>APN</Point>
            <Point>BJX</Point>
            <Point>CDR</Point>
            <Point>CEN</Point>
            <Point>CJS</Point>
            <Point>CME</Point>
            <Point>COL</Point>
            <Point>CPE</Point>
            <Point>CRL</Point>
            <Point>CSL</Point>
            <Point>CTM</Point>
            <Point>CUA</Point>
            <Point>CUL</Point>
            <Point>CUN</Point>
            <Point>CUU</Point>
            <Point>CVJ</Point>
            <Point>CVM</Point>
            <Point>CZA</Point>
            <Point>CZM</Point>
            <Point>DGO</Point>
            <Point>ELQ</Point>
            <Point>ENS</Point>
            <Point>GDL</Point>
            <Point>GRN</Point>
            <Point>GYM</Point>
            <Point>HMO</Point>
            <Point>HUX</Point>
            <Point>IZT</Point>
            <Point>LAP</Point>
            <Point>LMM</Point>
            <Point>LTO</Point>
            <Point>MAM</Point>
            <Point>MEX</Point>
            <Point>MID</Point>
            <Point>MLM</Point>
            <Point>MOV</Point>
            <Point>MTT</Point>
            <Point>MTY</Point>
            <Point>MXL</Point>
            <Point>MZT</Point>
            <Point>NCP</Point>
            <Point>NLD</Point>
            <Point>OAX</Point>
            <Point>PAZ</Point>
            <Point>PBC</Point>
            <Point>PNG</Point>
            <Point>PPE</Point>
            <Point>PQE</Point>
            <Point>PTJ</Point>
            <Point>PVR</Point>
            <Point>PXM</Point>
            <Point>QET</Point>
            <Point>REX</Point>
            <Point>SJD</Point>
            <Point>SLM</Point>
            <Point>SLP</Point>
            <Point>SLW</Point>
            <Point>SQN</Point>
            <Point>TAM</Point>
            <Point>TAP</Point>
            <Point>TEQ</Point>
            <Point>TGZ</Point>
            <Point>TIJ</Point>
            <Point>TLC</Point>
            <Point>TMN</Point>
            <Point>TNY</Point>
			<Point>TQO</Point>
            <Point>TRC</Point>
            <Point>TTM</Point>
            <Point>UPN</Point>
            <Point>VER</Point>
            <Point>VSA</Point>
            <Point>ZAP</Point>
            <Point>ZCL</Point>
            <Point>ZIH</Point>
            <Point>ZLO</Point>
            <!--Foraneos-->
            <Point>BRO</Point>
            <Point>COT</Point>
            <Point>CRP</Point>
            <Point>CSI</Point>
            <Point>CWK</Point>
            <Point>DLF</Point>
            <Point>DMN</Point>
            <Point>EFD</Point>
            <Point>ELP</Point>
            <Point>FST</Point>
            <Point>HRL</Point>
            <Point>HUP</Point>
            <Point>IAH</Point>
            <Point>JCT</Point>
            <Point>JLI</Point>
            <Point>LRD</Point>
            <Point>MFE</Point>
            <Point>MRF</Point>
            <Point>MZB</Point>
            <Point>NGP</Point>
            <Point>OLS</Point>
            <Point>SAT</Point>
            <Point>SJT</Point>
            <Point>SSO</Point>
            <Point>SSO</Point>
            <Point>TBD</Point>
            <Point>TCS</Point>
            <Point>THX</Point>
            <Point>TUS</Point>
        </Symbol>
        <Symbol Type="Circle">
            <Point>ACA</Point>
            <Point>ADN</Point>
            <Point>AGU</Point>
            <Point>APN</Point>
            <Point>BJX</Point>
            <Point>CDR</Point>
            <Point>CEN</Point>
            <Point>CJS</Point>
            <Point>CME</Point>
            <Point>COL</Point>
            <Point>CPE</Point>
            <Point>CRL</Point>
            <Point>CSL</Point>
            <Point>CTM</Point>
            <Point>CUA</Point>
            <Point>CUL</Point>
            <Point>CUN</Point>
            <Point>CUU</Point>
            <Point>CVJ</Point>
            <Point>CVM</Point>
            <Point>CZA</Point>
            <Point>CZM</Point>
            <Point>DGO</Point>
            <Point>ELQ</Point>
            <Point>ENS</Point>
            <Point>GDL</Point>
            <Point>GRN</Point>
            <Point>GYM</Point>
            <Point>HMO</Point>
            <Point>HUX</Point>
            <Point>IZT</Point>
            <Point>LAP</Point>
            <Point>LMM</Point>
            <Point>LTO</Point>
            <Point>MAM</Point>
            <Point>MEX</Point>
            <Point>MID</Point>
            <Point>MLM</Point>
            <Point>MOV</Point>
            <Point>MTT</Point>
            <Point>MTY</Point>
            <Point>MXL</Point>
            <Point>MZT</Point>
            <Point>NCP</Point>
            <Point>NLD</Point>
            <Point>OAX</Point>
            <Point>PAZ</Point>
            <Point>PBC</Point>
            <Point>PNG</Point>
            <Point>PPE</Point>
            <Point>PQE</Point>
            <Point>PTJ</Point>
            <Point>PVR</Point>
            <Point>PXM</Point>
            <Point>QET</Point>
            <Point>REX</Point>
            <Point>SJD</Point>
            <Point>SLM</Point>
            <Point>SLP</Point>
            <Point>SLW</Point>
            <Point>SQN</Point>
            <Point>TAM</Point>
            <Point>TAP</Point>
            <Point>TEQ</Point>
            <Point>TGZ</Point>
            <Point>TIJ</Point>
            <Point>TLC</Point>
            <Point>TMN</Point>
            <Point>TNY</Point>
			<Point>TQO</Point>
            <Point>TRC</Point>
            <Point>TTM</Point>
            <Point>UPN</Point>
            <Point>VER</Point>
            <Point>VSA</Point>
            <Point>ZAP</Point>
            <Point>ZCL</Point>
            <Point>ZIH</Point>
            <Point>ZLO</Point>
            <!--Foraneos-->
            <Point>BRO</Point>
            <Point>COT</Point>
            <Point>CRP</Point>
            <Point>CSI</Point>
            <Point>CWK</Point>
            <Point>DLF</Point>
            <Point>DMN</Point>
            <Point>EFD</Point>
            <Point>ELP</Point>
            <Point>FST</Point>
            <Point>HRL</Point>
            <Point>HUP</Point>
            <Point>IAH</Point>
            <Point>JCT</Point>
            <Point>JLI</Point>
            <Point>LRD</Point>
            <Point>MFE</Point>
            <Point>MRF</Point>
            <Point>MZB</Point>
            <Point>NGP</Point>
            <Point>OLS</Point>
            <Point>SAT</Point>
            <Point>SJT</Point>
            <Point>SSO</Point>
            <Point>SSO</Point>
            <Point>TBD</Point>
            <Point>TCS</Point>
            <Point>THX</Point>
            <Point>TUS</Point>
        </Symbol>
    </Map>
    <Map Type="System" Name="Sector - Radioayudas (Nombres)" Priority="1" Center="+204657.054-0865400.018">
        <Label HasLeader="false">
            <Point>ACA</Point>
            <Point>ADN</Point>
            <Point>AGU</Point>
            <Point>APN</Point>
            <Point>BJX</Point>
            <Point>CDR</Point>
            <Point>CEN</Point>
            <Point>CJS</Point>
            <Point>CME</Point>
            <Point>COL</Point>
            <Point>CPE</Point>
            <Point>CRL</Point>
            <Point>CSL</Point>
            <Point>CTM</Point>
            <Point>CUA</Point>
            <Point>CUL</Point>
            <Point>CUN</Point>
            <Point>CUU</Point>
            <Point>CVJ</Point>
            <Point>CVM</Point>
            <Point>CZA</Point>
            <Point>CZM</Point>
            <Point>DGO</Point>
            <Point>ELQ</Point>
            <Point>ENS</Point>
            <Point>GDL</Point>
            <Point>GRN</Point>
            <Point>GYM</Point>
            <Point>HMO</Point>
            <Point>HUX</Point>
            <Point>IZT</Point>
            <Point>LAP</Point>
            <Point>LMM</Point>
            <Point>LTO</Point>
            <Point>MAM</Point>
            <Point>MEX</Point>
            <Point>MID</Point>
            <Point>MLM</Point>
            <Point>MOV</Point>
            <Point>MTT</Point>
            <Point>MTY</Point>
            <Point>MXL</Point>
            <Point>MZT</Point>
            <Point>NCP</Point>
            <Point>NLD</Point>
            <Point>OAX</Point>
            <Point>PAZ</Point>
            <Point>PBC</Point>
            <Point>PNG</Point>
            <Point>PPE</Point>
            <Point>PQE</Point>
            <Point>PTJ</Point>
            <Point>PVR</Point>
            <Point>PXM</Point>
            <Point>QET</Point>
            <Point>REX</Point>
            <Point>SJD</Point>
            <Point>SLM</Point>
            <Point>SLP</Point>
            <Point>SLW</Point>
            <Point>SQN</Point>
            <Point>TAM</Point>
            <Point>TAP</Point>
            <Point>TEQ</Point>
            <Point>TGZ</Point>
            <Point>TIJ</Point>
            <Point>TLC</Point>
            <Point>TMN</Point>
            <Point>TNY</Point>
            <Point>TRC</Point>
			<Point>TQO</Point>
            <Point>TTM</Point>
            <Point>UPN</Point>
            <Point>VER</Point>
            <Point>VSA</Point>
            <Point>ZAP</Point>
            <Point>ZCL</Point>
            <Point>ZIH</Point>
            <Point>ZLO</Point>
            <!--Foraneos-->
            <Point>BRO</Point>
            <Point>COT</Point>
            <Point>CRP</Point>
            <Point>CSI</Point>
            <Point>CWK</Point>
            <Point>DLF</Point>
            <Point>DMN</Point>
            <Point>EFD</Point>
            <Point>ELP</Point>
            <Point>FST</Point>
            <Point>HRL</Point>
            <Point>HUP</Point>
            <Point>IAH</Point>
            <Point>JCT</Point>
            <Point>JLI</Point>
            <Point>LRD</Point>
            <Point>MFE</Point>
            <Point>MRF</Point>
            <Point>MZB</Point>
            <Point>NGP</Point>
            <Point>OLS</Point>
            <Point>SAT</Point>
            <Point>SJT</Point>
            <Point>SSO</Point>
            <Point>SSO</Point>
            <Point>TBD</Point>
            <Point>TCS</Point>
            <Point>THX</Point>
            <Point>TUS</Point>
        </Label>
    </Map>
</Maps>
