<?xml version="1.0" encoding="utf-8"?>
<Maps>
    <Map Type="Local_Private" Name="Texto - Frecuencias Sectores" Priority="0">
        <Label HasLeader="false">
            <Point Name="123.900">+205708.500-1034829.781</Point>
            <Point Name="133.100">+202839.117-1002528.562</Point>
            <Point Name="126.600">+195906.718-0970743.718</Point>
        </Label>
    </Map>
    <Map Type="Local_Private" Name="Texto - Frecuencias Individuales" Priority="0">
        <Label HasLeader="false">
            <Point Name="126.600">+223208.476-0984137.343</Point>
            <Point Name="124.000">+211614.296-0970229.812</Point>
            <Point Name="128.500">+192600.132-0975300.843</Point>
            <Point Name="123.500">+170951.230-0980557.656</Point>
            <Point Name="125.100">+174137.570-1005414.031</Point>
            <Point Name="126.150">+191733.148-1044638.781</Point>
            <Point Name="123.900">+223147.867-1033710.031</Point>
            <Point Name="127.300">+222811.375-1013708.781</Point>
            <Point Name="133.100">+212401.703-0994401.812</Point>
            <Point Name="133.200">+204805.789-1012300.718</Point>
        </Label>
    </Map>
</Maps>
