<?xml version="1.0" encoding="utf-8"?>
<Maps>
    <Map Type="System" Name="MMAS - Pista 36 - Llegadas RNAV" Priority="1" Center="+203124.320-1031841.798">
        <Line Name="BJX1D" Pattern="Dashed">BJX/LO403/AS513/MIDLA</Line>
        <Line Name="BOPAX1B" Pattern="Dashed">BOPAX/AS516/AS515</Line>
        <Line Name="GRUSI1B" Pattern="Dashed">GRUSI/AS510/PUSAN</Line>
        <Line Name="IGSAM1B" Pattern="Dashed">IGSAM/AS517/AS515/ETBAM</Line>
        <Line Name="KEDRI1B" Pattern="Dashed">KEDRI/DUVUB/AS510</Line>
        <Line Name="OMINA1B" Pattern="Dashed">OMINA/ELSUL/AS519/AS513</Line>
        <Line Name="RAKAL1B" Pattern="Dashed">RAKAL/AS518/DUVUB</Line>
        <Line Name="VOLER1B" Pattern="Dashed">VOLER/AS517</Line>
        <Symbol Type="HollowSquare">
            <Point>BJX</Point>
        </Symbol>
        <Symbol Type="Circle">
            <Point>BJX</Point>
        </Symbol>
        <Symbol Type="HollowStar">
            <Point>AS510</Point>
            <Point>AS512</Point>
            <Point>AS513</Point>
            <Point>AS515</Point>
            <Point>AS516</Point>
            <Point>AS517</Point>
            <Point>AS518</Point>
            <Point>AS519</Point>
            <Point>BOPAX</Point>
            <Point>DUVUB</Point>
            <Point>ELSUL</Point>
            <Point>ETBAM</Point>
            <Point>GRUSI</Point>
            <Point>IGSAM</Point>
            <Point>KEDRI</Point>
            <Point>LO403</Point>
            <Point>MIDLA</Point>
            <Point>OMINA</Point>
            <Point>PUSAN</Point>
            <Point>RAKAL</Point>
            <Point>VOLER</Point>
        </Symbol>
    </Map>
    <Map Type="System" Name="MMAS - Pista 36 - Llegadas RNAV (Nombres)" Priority="1" Center="+203124.320-1031841.798">
        <Label HasLeader="false">
            <Point>BJX</Point>
            <Point>BOPAX</Point>
            <Point>ETBAM</Point>
            <Point>GRUSI</Point>
            <Point>IGSAM</Point>
            <Point>KEDRI</Point>
            <Point>MIDLA</Point>
            <Point>OMINA</Point>
            <Point>PUSAN</Point>
            <Point>RAKAL</Point>
            <Point>VOLER</Point>
        </Label>
    </Map>
    <Map Type="System" Name="MMAS - Pista 36 - RNP 36" Priority="1" Center="+203124.320-1031841.798">
        <Line Pattern="Solid">PUSAN/ETBAM</Line>
        <Line Pattern="Solid">MIDLA/+214115.200-1021907.600</Line>
        <Line Pattern="Solid">+214016.191-1021929.958/+214014.498-1021851.315</Line>
        <Line Pattern="Solid">+213916.337-1021932.995/+213914.644-1021854.352</Line>
        <Line Pattern="Solid">+213816.483-1021936.031/+213814.790-1021857.388</Line>
        <Line Pattern="Solid">+213716.629-1021939.067/+213714.936-1021900.424</Line>
        <Line Pattern="Solid">+213616.775-1021942.103/+213615.082-1021903.460</Line>
        <Line Pattern="Solid">+213516.921-1021945.138/+213515.228-1021906.495</Line>
        <Line Pattern="Solid">+213417.067-1021948.173/+213415.374-1021909.530</Line>
        <Line Pattern="Solid">+213317.213-1021951.208/+213315.520-1021912.565</Line>
        <Line Pattern="Solid">+213217.359-1021954.242/+213215.666-1021915.599</Line>
        <Line Pattern="Solid">+213017.653-1022000.310/+213015.960-1021921.667</Line>
        <Line Pattern="Solid">+212917.800-1022003.343/+212916.107-1021924.700</Line>
        <Line Pattern="Solid">+212817.947-1022006.376/+212816.254-1021927.733</Line>
        <Line Pattern="Solid">+212718.094-1022009.409/+212716.401-1021930.766</Line>
        <Line Pattern="Solid">+213151.031-1022448.545/+213115.120-1022450.366</Line>
        <Line Pattern="Solid">+213148.208-1022344.202/+213112.297-1022346.027</Line>
        <Line Pattern="Solid">+213145.385-1022239.859/+213109.474-1022241.688</Line>
        <Line Pattern="Solid">+213142.562-1022135.516/+213106.651-1022137.350</Line>
        <Line Pattern="Solid">+213139.739-1022031.174/+213103.828-1022033.012</Line>
        <Line Pattern="Solid">+213134.093-1021822.490/+213058.182-1021824.337</Line>
        <Line Pattern="Solid">+213131.270-1021718.149/+213055.359-1021720.000</Line>
        <Line Pattern="Solid">+213128.447-1021613.808/+213052.536-1021615.663</Line>
        <Line Pattern="Solid">+213125.624-1021509.467/+213049.713-1021511.327</Line>
        <Line Pattern="Solid">+213122.801-1021405.127/+213046.890-1021406.991</Line>
        <Symbol Type="HollowStar">
            <Point>PUSAN</Point>
            <Point>MIDLA</Point>
            <Point>ETBAM</Point>
            <Point>AS501</Point>
            <Point>AS500</Point>
        </Symbol>
    </Map>
<!--
	<Map Type="System" Name="MMAS - Pista 36 - VORDME 2" Priority="1" Center="+203124.320-1031841.798">
        <Line Name="Final 36" Pattern="Solid">
+213440.178-1021936.086/
+214115.200-1021907.600</Line>
        <Line Name="ALIPA-D10" Pattern="Dashed">
ALIPA/
+213237.921-1021209.327/
+213245.014-1021214.243/
+213253.872-1021221.577/
+213301.418-1021229.899/
+213308.085-1021238.331/
+213315.240-1021249.482/
+213321.715-1021302.940/
+213327.305-1021319.475/
+213332.015-1021337.382/
+213333.910-1021351.253/
+213334.672-1021408.556/
+213333.828-1021426.381/
+213331.864-1021440.746/
+213326.694-1021458.324/
+213316.957-1021523.126/
+213310.001-1021546.224/
+213300.450-1021618.085/
+213249.258-1021711.039/
+213244.334-1021748.447/
+213243.401-1021806.383/
+213244.554-1021822.066/
+213246.896-1021836.513/
+213250.521-1021849.861/
+213255.904-1021901.424/
+213302.455-1021910.598/
+213309.466-1021918.508/
+213318.474-1021926.555/
+213327.806-1021932.735/
+213335.160-1021936.031/
+213342.486-1021937.651/
+213354.695-1021938.640</Line>
        <Line Name="ANILA-D10" Pattern="Dashed">
ANILA/
+213747.797-1020722.913/
+213751.842-1020732.636/
+213756.147-1020745.628/
+213758.543-1020757.191/
+213759.649-1020809.001/
+213759.532-1020824.464/
+213758.516-1020841.575/
+213756.332-1020855.501/
+213752.982-1020908.437/
+213748.079-1020921.648/
+213739.688-1020935.573/
+213732.066-1020946.148/
+213722.893-1020956.475/
+213714.880-1021004.138/
+213707.512-1021010.427/
+213657.569-1021017.211/
+213639.332-1021032.153/
+213616.254-1021051.022/
+213554.933-1021111.841/
+213536.799-1021129.611/
+213501.780-1021210.453/
+213453.795-1021221.467</Line>
        <Line Name="GRUSI-D10-D8" Pattern="Dashed">
GRUSI/
+213529.164-1022926.683/
+213533.119-1022921.026/
+213537.465-1022913.802/
+213542.176-1022904.985/
+213545.657-1022855.620/
+213548.699-1022843.947/
+213550.484-1022832.411/
+213551.123-1022820.189/
+213550.814-1022807.142/
+213549.736-1022753.272/
+213547.504-1022737.754/
+213545.108-1022724.708/
+213541.667-1022712.156/
+213536.902-1022659.659/
+213529.534-1022645.541/
+213517.779-1022626.206/
+213457.750-1022602.420/
+213426.061-1022517.514/
+213358.217-1022429.778/
+213334.164-1022339.543/
+213313.840-1022245.792/
+213258.795-1022153.168/
+213256.385-1022141.165/
+213254.421-1022124.823/
+213253.968-1022113.397/
+213255.108-1022059.390/
+213258.026-1022042.663/
+213302.551-1022026.788/
+213308.333-1022012.973/
+213314.787-1022001.382/
+213321.194-1021953.856/
+213328.726-1021947.457/
+213335.421-1021943.639/
+213342.363-1021941.030/
+213354.702-1021938.668/
+213440.178-1021936.086</Line>
        <Line Name="SETOS-D10" Pattern="Dashed">
SETOS/
+213436.793-1020938.237/
+213446.640-1020949.801/
+213450.416-1020955.129/
+213453.582-1021000.402/
+213458.182-1021009.878/
+213503.325-1021022.540/
+213507.733-1021035.641/
+213511.860-1021051.351/
+213514.463-1021107.391/
+213514.778-1021123.624/
+213512.959-1021138.510/
+213508.860-1021153.589/
+213504.300-1021204.575/
+213453.801-1021221.439/
+213440.549-1021239.924/
+213429.590-1021255.112/
+213410.426-1021327.220/
+213401.438-1021342.161/
+213349.813-1021405.837/
+213336.588-1021432.836/
+213326.687-1021458.324</Line>
        <Symbol Type="SolidTriangle">
            <Point>+213747.700-1020722.680</Point>
            <Point>+213436.790-1020938.230</Point>
            <Point>+213237.930-1021209.320</Point>
            <Point>+213529.160-1022926.680</Point>
            <Point>+213740.070-1021925.960</Point>
            <Point>ALIPA</Point>
            <Point>ANILA</Point>
            <Point>GRUSI</Point>
            <Point>SETOS</Point>
        </Symbol>  
    </Map>
    <Map Type="System" Name="MMAS - Pista 36 - VORDME 2 (Nombres)" Priority="1" Center="+203124.320-1031841.798">
        <Label HasLeader="false">
            <Point>ALIPA</Point>
            <Point>ANILA</Point>
            <Point>GRUSI</Point>
            <Point>SETOS</Point>
        </Label>
    </Map>
    <Map Type="System" Name="MMAS - Pista 36 - Salidas" Priority="1" Center="+203124.320-1031841.798">
        <Line Name="AGU1B" Pattern="Dotted">
+214241.040-1021908.570/
+214939.904-1021844.939/
+214946.158-1021844.409/
+214952.379-1021843.526/
+214958.548-1021842.295/
+215004.649-1021840.717/
+215010.663-1021838.798/
+215016.578-1021836.541/
+215022.375-1021833.954/
+215028.037-1021831.045/
+215033.552-1021827.819/
+215038.901-1021824.288/
+215044.071-1021820.460/
+215049.049-1021816.347/
+215053.820-1021811.957/
+215058.372-1021807.305/
+215102.689-1021802.401/
+215106.764-1021757.263/
+215110.584-1021751.901/
+215114.137-1021746.330/
+215117.416-1021740.568/
+215120.410-1021734.628/
+215123.110-1021728.529/
+215125.512-1021722.284/
+215127.607-1021715.913/
+215129.388-1021709.433/
+215130.852-1021702.861/
+215131.997-1021656.215/
+215132.815-1021649.515/
+215133.307-1021642.778/
+215133.471-1021636.021/
+215133.307-1021629.264/
+215132.815-1021622.527/
+215131.997-1021615.825/
+215130.852-1021609.180/
+215129.388-1021602.608/
+215127.607-1021556.129/
+215125.512-1021549.758/
+215123.110-1021543.513/
+215120.410-1021537.414/
+215117.416-1021531.474/
+215114.137-1021525.710/
+215110.584-1021520.141/
+215106.764-1021514.779/
+215102.689-1021509.639/
+215058.372-1021504.737/
+215053.820-1021500.085/
+215049.049-1021455.696/
+215044.071-1021451.582/
+215038.901-1021447.752/
+215033.552-1021444.221/
+215028.037-1021440.997/
+215022.375-1021438.086/
+215016.578-1021435.501/
+215010.663-1021433.244/
+215004.649-1021431.325/
+214958.548-1021429.747/
+214952.379-1021428.516/
+214946.158-1021427.633/
+214939.902-1021427.103/
+214933.632-1021426.926/
+214927.359-1021427.103/
+214921.104-1021427.633/
+214914.884-1021428.516/
+214908.714-1021429.747/
+214902.615-1021431.325/
+214856.598-1021433.244/
+214850.684-1021435.501/
+214844.888-1021438.086/
+214839.225-1021440.997/
+214833.711-1021444.221/
+214828.362-1021447.752/
AGU</Line>
    <Line Name="ANILA1B" Pattern="Dotted">
+214939.904-1021844.939/
+214955.498-1021843.170/
+214955.498-1021843.170/
+215003.208-1021841.631/
+215003.208-1021841.631/
+215010.835-1021839.658/
+215010.835-1021839.658/
+215018.353-1021837.259/
+215018.353-1021837.259/
+215025.746-1021834.438/
+215025.746-1021834.438/
+215032.993-1021831.205/
+215032.993-1021831.205/
+215040.071-1021827.568/
+215040.071-1021827.568/
+215046.964-1021823.538/
+215046.964-1021823.538/
+215053.651-1021819.124/
+215053.651-1021819.124/
+215100.113-1021814.339/
+215100.113-1021814.339/
+215106.335-1021809.195/
+215106.335-1021809.195/
+215112.300-1021803.709/
+215112.300-1021803.709/
+215117.988-1021757.893/
+215117.988-1021757.893/
+215123.387-1021751.765/
+215123.387-1021751.765/
+215128.479-1021745.340/
+215128.479-1021745.340/
+215133.254-1021738.639/
+215133.254-1021738.639/
+215137.697-1021731.676/
+215137.697-1021731.676/
+215141.795-1021724.473/
+215141.795-1021724.473/
+215145.537-1021717.049/
+215145.537-1021717.049/
+215148.913-1021709.424/
+215148.913-1021709.424/
+215151.913-1021701.617/
+215151.913-1021701.617/
+215154.532-1021653.654/
+215154.532-1021653.654/
+215156.759-1021645.554/
+215156.759-1021645.554/
+215158.590-1021637.340/
+215158.590-1021637.340/
+215200.019-1021629.033/
+215200.019-1021629.033/
+215201.042-1021620.656/
+215201.042-1021620.656/
+215201.658-1021612.234/
+215201.658-1021612.234/
+215201.863-1021603.788/
+215201.863-1021603.788/
+215201.658-1021555.343/
+215201.658-1021555.343/
+215201.042-1021546.921/
+215201.042-1021546.921/
+215200.034-1021537.255/
+215200.034-1021537.255/
+215158.818-1021526.847/
+215158.818-1021526.847/
+215157.633-1021517.923/
+215157.633-1021517.923/
+215154.402-1021504.450/
+215148.435-1021446.242/
+215134.929-1021415.765/
+215119.961-1021346.092/
+215103.569-1021317.301/
+215045.801-1021249.474/
+215026.705-1021222.685/
+215006.330-1021157.011/
+214944.737-1021132.518/
+214921.982-1021109.274/
+214858.128-1021047.345/
+214833.240-1021026.790/
+214807.386-1021007.665/
+214740.638-1020950.021/
+214713.069-1020933.911/
+214644.756-1020919.374/
+214615.773-1020906.452/
+214546.201-1020855.180/
+214516.124-1020845.590/
+214445.620-1020837.708/
+214414.774-1020831.554/
+214343.672-1020827.148/
+214312.398-1020824.499/
+214241.040-1020823.615/
+214209.680-1020824.499/
+214138.405-1020827.148/
+214107.303-1020831.554/
+214036.459-1020837.708/
+214005.954-1020845.589/
+213935.877-1020855.180/
+213929.689-1020855.310/
+213924.983-1020855.354/
+213920.282-1020855.133/
+213915.598-1020854.647/
+213910.944-1020853.899/
+213906.333-1020852.890/
+213901.779-1020851.623/
+213857.291-1020850.099/
+213852.882-1020848.327/
+213848.567-1020846.308/
+213844.356-1020844.048/
+213840.260-1020841.555/
+213836.292-1020838.835/
+213832.462-1020835.895/
+213828.778-1020832.743/
+213825.255-1020829.388/
+213821.899-1020825.840/
+213818.720-1020822.108/
+213815.726-1020818.201/
+213812.928-1020814.130/
+213810.330-1020809.909/
+213807.941-1020805.546/
+213804.989-1020800.043/
+213759.385-1020748.631/
ANILA</Line>
    <Line Name="XOTOL1" Pattern="Dotted">
+214802.247-1021005.151/
+214757.239-1021002.343/
+214752.373-1020959.256/
+214747.664-1020955.899/
+214743.125-1020952.281/
+214738.768-1020948.412/
+214734.605-1020944.303/
+214730.647-1020939.965/
+214726.906-1020935.409/
+214723.390-1020930.649/
+214720.111-1020925.698/
+214717.077-1020920.568/
+214714.297-1020915.274/
+214711.777-1020909.831/
+214709.526-1020904.253/
+214707.548-1020858.556/
+214705.850-1020852.756/
+214704.436-1020846.867/
+214703.311-1020840.907/
+214702.476-1020834.892/
+214701.935-1020828.837/
+214701.688-1020822.761/
+214701.738-1020816.679/
+214702.082-1020810.608/
+214703.309-1020803.912/
XOTOL</Line>
    <Line Name="TEDZI1" Pattern="Dotted">
+214939.904-1021844.939/
+215239.417-1021834.803/
+215700.956-1022337.036/
TEDZI</Line>
    <Line Name="RABIL1" Pattern="Dotted">
+214947.742-1021844.715/
+214955.582-1021844.936/
+215003.402-1021845.598/
+215011.176-1021846.701/
+215018.888-1021848.240/
+215026.515-1021850.213/
+215034.033-1021852.612/
+215041.426-1021855.433/
+215048.673-1021858.666/
+215055.751-1021902.303/
+215102.644-1021906.335/
+215109.331-1021910.749/
+215115.793-1021915.534/
+215122.015-1021920.676/
+215127.980-1021926.164/
+215133.667-1021931.980/
+215139.067-1021938.108/
+215144.160-1021944.532/
+215148.934-1021951.234/
+215153.377-1021958.198/
+215157.475-1022005.400/
+215201.217-1022012.826/
+215204.593-1022020.451/
+215207.593-1022028.257/
+215210.212-1022036.221/
+215212.439-1022044.320/
+215214.270-1022052.535/
+215215.699-1022100.842/
+215216.722-1022109.220/
+215217.338-1022117.642/
+215217.543-1022126.088/
+215217.338-1022134.533/
+215217.232-1022144.200/
+215216.782-1022152.684/
+215216.511-1022159.413/
+215214.838-1022213.602/
+215200.439-1022259.700/
+215148.435-1022330.896/
+215134.929-1022401.372/
+215119.961-1022431.047/
+215103.569-1022459.836/
+215045.801-1022527.663/
+215026.705-1022554.453/
+215006.330-1022620.127/
+214944.737-1022644.620/
+214921.982-1022707.863/
+214858.128-1022729.792/
+214833.240-1022750.349/
+214807.386-1022809.473/
+214739.941-1022826.991/
+214732.679-1022831.106/
+214728.856-1022833.435/
+214725.152-1022835.977/
+214721.576-1022838.724/
+214718.139-1022841.669/
+214714.851-1022844.804/
+214711.718-1022848.118/
+214708.750-1022851.606/
+214705.958-1022855.257/
+214703.345-1022859.059/
+214700.920-1022903.004/
+214658.691-1022907.079/
+214656.664-1022911.275/
+214654.843-1022915.579/
+214653.232-1022919.980/
+214651.840-1022924.466/
+214650.666-1022929.024/
+214649.715-1022933.643/
+214648.991-1022938.308/
+214648.494-1022943.007/
+214648.224-1022947.729/
+214648.187-1022952.460/
+214648.379-1022957.185/
+214648.799-1023001.894/
+214649.449-1023006.572/
+214650.453-1023011.868/
RABIL</Line>
    <Line Name="DANGO1" Pattern="Dotted">
+215116.445-1022435.797/
+215113.166-1022440.750/
+215110.132-1022445.883/
+215107.352-1022451.179/
+215104.832-1022456.624/
+215102.580-1022502.205/
+215100.603-1022507.904/
+215058.905-1022513.708/
+215057.491-1022519.599/
+215056.365-1022525.562/
+215055.531-1022531.580/
+215054.990-1022537.637/
+215054.743-1022543.716/
+215054.792-1022549.801/
+215055.137-1022555.874/
+215055.776-1022601.920/
+215056.708-1022607.922/
+215057.931-1022613.863/
+215059.440-1022619.726/
+215101.231-1022625.497/
+215103.301-1022631.158/
+215105.643-1022636.695/
+215108.250-1022642.093/
+215111.116-1022647.336/
+215113.478-1022650.131/
DANGO</Line>
        <Symbol Type="HollowSquare">
            <Point>AGU</Point>
        </Symbol>
        <Symbol Type="Circle">
            <Point>AGU</Point>
        </Symbol>
        <Symbol Type="SolidTriangle">
            <Point>ANILA</Point>
            <Point>DANGO</Point>
            <Point>RABIL</Point>
            <Point>TEDZI</Point>
            <Point>XOTOL</Point>
        </Symbol>
    </Map>
    <Map Type="System" Name="MMAS - Pista 36 - Salidas (Nombres)" Priority="1" Center="+203124.320-1031841.798">
        <Label HasLeader="false">
            <Point>AGU</Point>
            <Point>ANILA</Point>
            <Point>DANGO</Point>
            <Point>RABIL</Point>
            <Point>TEDZI</Point>
            <Point>XOTOL</Point>
        </Label>
    </Map>
-->    
	<Map Type="System" Name="MMAS - Pista 36 - Salidas RNAV" Priority="1" Center="+203124.320-1031841.798">
        <Line Name="TEDZI1C" Pattern="Dotted">AGU/TEDZI</Line>
        <Line Name="MITIN1B" Pattern="Dotted">TEDZI/MITIN</Line>
        <Line Name="HORTA1B" Pattern="Dotted">AGU/AS613/AS614/HORTA</Line>
        <Line Name="UKIRO1B" Pattern="Dotted">AS614/AS615/AS620/MANTA/UKIRO</Line>
        <Line Name="LIVRI1D" Pattern="Dotted">AGU/AS610/AS611/LIVRI</Line>
        <Line Name="TIDIL1B" Pattern="Dotted">AS611/AS618/TIDIL</Line>
        <Symbol Type="HollowStar">
            <Point>AS610</Point>
            <Point>AS611</Point>
            <Point>AS613</Point>
            <Point>AS614</Point>
            <Point>AS615</Point>
            <Point>AS618</Point>
            <Point>AS620</Point>
            <Point>TIDIL</Point>
            <Point>UKIRO</Point>
        </Symbol>
        <Symbol Type="HollowTriangle">
            <Point>HORTA</Point>
        </Symbol>
        <Symbol Type="SolidTriangle">
            <Point>LIVRI</Point>
            <Point>MANTA</Point>
            <Point>MITIN</Point>
            <Point>TEDZI</Point>
        </Symbol>
    </Map>
    <Map Type="System" Name="MMAS - Pista 36 - Salidas RNAV (Nombres)" Priority="1" Center="+203124.320-1031841.798">
        <Label HasLeader="false">
            <Point>HORTA</Point>
            <Point>LIVRI</Point>
            <Point>MITIN</Point>
            <Point>TEDZI</Point>
            <Point>TIDIL</Point>
            <Point>UKIRO</Point>
        </Label>
    </Map>
</Maps>
