<?xml version="1.0" encoding="utf-8"?>
<Maps>
    <Map Type="System" Name="MMLO - Pista 31 - Llegadas RNAV" Priority="1" Center="+203124.320-1031841.798">
        <Line Name="LIBOL1B" Pattern="Dashed">
            LIBOL/LO810/LO802/VIRVO
        </Line>
        <Line Name="MEDAB1B" Pattern="Dashed">
            MEDAB/XESIN
        </Line>
        <Line Name="NAGIV1B" Pattern="Dashed">
            NAGIV/XESIN
        </Line>
        <Line Name="OMINA1D" Pattern="Dashed">
            OMINA/AVREN/XESIN
        </Line>
        <Line Name="JASTO1F" Pattern="Dashed">
            JASTO/LO424/LO423/LO403/LO804/ULUMU
        </Line>
        <Line Name="AGU1F" Pattern="Dashed">
            AGU/LO805/LO403
        </Line>
        <Symbol Type="HollowSquare">
            <Point>AGU</Point>
        </Symbol>
        <Symbol Type="Circle">
            <Point>AGU</Point>
        </Symbol>
        <Symbol Type="HollowStar">
            <Point>ARVEN</Point>
            <Point>JASTO</Point>
            <Point>LIBOL</Point>
            <Point>LO403</Point>
            <Point>LO423</Point>
            <Point>LO424</Point>
            <Point>LO801</Point>
            <Point>LO802</Point>
            <Point>LO804</Point>
            <Point>LO805</Point>
            <Point>LO810</Point>
            <Point>MEDAB</Point>
            <Point>NAGIV</Point>
            <Point>OMINA</Point>
            <Point>ULUMU</Point>
            <Point>VIRVO</Point>
            <Point>XESIN</Point>
        </Symbol>
    </Map>
    <Map Type="System" Name="MMLO - Pista 31 - Llegadas RNAV (Nombres)" Priority="1" Center="+203124.320-1031841.798">
        <Label HasLeader="false">
            <Point>AGU</Point>
            <Point>LIBOL</Point>
            <Point>MEDAB</Point>
            <Point>NAGIV</Point>
            <Point>OMINA</Point>
            <Point>JASTO</Point>
            <Point>ULUMU</Point>
            <Point>XESIN</Point>
            <Point>VIRVO</Point>
        </Label>
    </Map>
    <Map Type="System" Name="MMLO - Pista 31 - RNP 31" Priority="1" Center="+203124.320-1031841.798">
        <Line Pattern="Solid">
            ULUMU/VIRVO
        </Line>
        <Line Pattern="Solid">
            XESIN/+205856.700-1012808.500
        </Line>
        <Line Pattern="Solid">
            +205801.525-1012735.514/
            +205827.254-1012708.625
        </Line>
        <Line Pattern="Solid">
            +205719.677-1012649.590/
            +205745.406-1012622.698
        </Line>
        <Line Pattern="Solid">
            +205637.829-1012603.669/
            +205703.558-1012536.775
        </Line>
        <Line Pattern="Solid">
            +205555.981-1012517.752/
            +205621.710-1012450.856
        </Line>
        <Line Pattern="Solid">
            +205514.133-1012431.838/
            +205539.862-1012404.940
        </Line>
        <Line Pattern="Solid">
            +205432.285-1012345.928/
            +205458.014-1012319.028
        </Line>
        <Line Pattern="Solid">
            +205350.437-1012300.022/
            +205416.166-1012233.119
        </Line>
        <Line Pattern="Solid">
            +205308.589-1012214.119/
            +205334.318-1012147.214
        </Line>
        <Line Pattern="Solid">
            +205226.741-1012128.220/
            +205252.470-1012101.312
        </Line>
        <Line Pattern="Solid">
            +205144.893-1012042.324/
            +205210.622-1012015.414
        </Line>
        <Line Pattern="Solid">
            +205103.045-1011956.432/
            +205128.774-1011929.520
        </Line>
        <Line Pattern="Solid">
            +205021.197-1011910.543/
            +205046.926-1011843.629
        </Line>
        <Line Pattern="Solid">
            +204939.349-1011824.658/
            +205005.078-1011757.742
        </Line>
        <Line Pattern="Solid">
            +204857.501-1011738.777/
            +204923.230-1011711.858
        </Line>

        <Line Pattern="Solid">
            +204741.485-1012501.004/
+204716.422-1012433.435
        </Line>
        <Line Pattern="Solid">
            +204824.440-1012416.320/
+204759.377-1012348.753
        </Line>
        <Line Pattern="Solid">
            +204907.395-1012331.632/
+204842.332-1012304.068
        </Line>
        <Line Pattern="Solid">
            +204950.350-1012246.941/
+204925.287-1012219.379
        </Line>
        <Line Pattern="Solid">
            +205033.305-1012202.246/
+205008.242-1012134.686
        </Line>
        <Line Pattern="Solid">
            +205116.260-1012117.548/
+205051.197-1012049.990
        </Line>
        <Line Pattern="Solid">
            +205159.215-1012032.846/
+205134.152-1012005.290
        </Line>
        <Line Pattern="Solid">
            +205242.170-1011948.141/
+205217.107-1011920.587
        </Line>
        <Line Pattern="Solid">
            +205325.125-1011903.432/
+205300.062-1011835.880
        </Line>
        <Line Pattern="Solid">
            +205408.080-1011818.720/
+205343.017-1011751.170
        </Line>
        <Line Pattern="Solid">
            +205451.035-1011734.004/
+205425.972-1011706.456
        </Line>
        <Symbol Type="HollowStar">
            <Point>ULUMU</Point>
            <Point>VIRVO</Point>
            <Point>XESIN</Point>
            <Point>LO500</Point>
            <Point>LO501</Point>
        </Symbol>
    </Map>
    <Map Type="System" Name="MMLO - Pista 31 - Salidas" Priority="1" Center="+203124.320-1031841.798">
        <Line Name="LEON3B" Pattern="Dotted">
+205951.210-1012857.319/
+210537.842-1013619.803/
+210545.390-1013630.551/
+210551.851-1013642.073/
+210557.151-1013654.257/
+210601.236-1013706.967/
+210604.057-1013720.064/
+210605.585-1013733.405/
+210605.805-1013746.846/
+210604.711-1013800.238/
+210602.318-1013813.432/
+210558.651-1013826.288/
+210553.749-1013838.660/
+210547.668-1013850.418/
+210540.473-1013901.428/
+210532.243-1013911.574/
+210523.071-1013920.741/
+210513.052-1013928.831/
+210502.301-1013935.753/
+210450.932-1013941.434/
+210439.073-1013945.811/
+210426.851-1013948.835/
+210414.400-1013950.473/
+210401.859-1013950.708/
+210349.363-1013949.537/
+210337.050-1013946.971/
+210325.054-1013943.041/
+210313.507-1013937.789/
+210302.536-1013931.272/
+210252.262-1013923.561/
+210242.794-1013914.744/
+210234.241-1013904.913/
+210226.692-1013854.176/
+210220.231-1013842.655/
+210214.929-1013830.472/
+210210.846-1013817.762/
BJX</Line>
    <Line Name="MANTA3" Pattern="Dotted">
+210537.842-1013619.803/
+210549.389-1013633.106/
+210555.635-1013639.240/
+210602.169-1013645.015/
+210608.978-1013650.416/
+210616.042-1013655.428/
+210623.339-1013700.037/
+210630.852-1013704.229/
+210638.560-1013707.995/
+210646.439-1013711.324/
+210654.472-1013714.204/
+210702.634-1013716.631/
+210710.903-1013718.596/
+210719.256-1013720.095/
+210727.671-1013721.123/
+210736.125-1013721.677/
+210744.594-1013721.757/
+210753.056-1013721.361/
+210801.488-1013720.490/
+210809.865-1013719.147/
+210818.165-1013717.337/
+210826.364-1013715.065/
+210834.442-1013712.334/
+210842.376-1013709.154/
+210850.143-1013705.533/
+210857.723-1013701.482/
+210905.095-1013657.009/
+210912.238-1013652.132/
+210919.134-1013646.859/
+210932.908-1013630.008/
+210954.229-1013556.779/
+211013.898-1013522.399/
+211031.860-1013446.964/
+211048.065-1013410.571/
+211102.470-1013333.319/
+211115.037-1013255.311/
+211125.728-1013216.650/
+211134.516-1013137.443/
+211141.376-1013057.797/
+211146.288-1013017.821/
+211149.242-1012937.626/
+211150.228-1012857.319/
+211149.242-1012817.011/
+211146.288-1012736.814/
+211141.376-1012656.838/
+211134.516-1012617.192/
+211125.728-1012537.985/
+211122.510-1012528.507/
+211121.251-1012523.644/
+211120.234-1012518.716/
+211119.456-1012513.737/
+211118.924-1012508.721/
+211118.636-1012503.683/
+211118.596-1012458.636/
+211118.800-1012453.593/
+211119.252-1012448.570/
+211119.947-1012443.577/
+211120.886-1012438.631/
+211122.063-1012433.744/
+211123.478-1012428.930/
+211125.127-1012424.203/
+211127.002-1012419.573/
+211129.103-1012415.057/
+211131.420-1012410.664/
+211133.947-1012406.406/
+211136.681-1012402.297/
+211139.609-1012358.347/
+211142.727-1012354.566/
+211146.026-1012350.967/
+211153.561-1012343.752/
+211159.076-1012338.800/
+211203.524-1012334.959/
+211216.887-1012325.419/
+211228.663-1012318.139/
+211232.836-1012315.808/
+211237.247-1012313.367/
MANTA</Line>
    <Line Name="NOSUK3" Pattern="Dotted">
+210537.842-1013619.803/
+210548.032-1013634.320/
+210552.583-1013641.975/
+210556.754-1013649.874/
+210600.533-1013657.997/
+210603.910-1013706.320/
+210606.877-1013714.821/
+210609.424-1013723.477/
+210611.544-1013732.264/
+210613.233-1013741.158/
+210614.485-1013750.134/
+210615.296-1013759.169/
+210615.666-1013808.236/
+210615.592-1013817.312/
+210615.075-1013826.371/
+210614.116-1013835.388/
+210612.718-1013844.340/
+210610.885-1013853.201/
+210608.622-1013901.947/
+210605.934-1013910.554/
+210602.830-1013918.998/
+210559.318-1013927.257/
+210555.407-1013935.308/
+210551.108-1013943.128/
+210546.433-1013950.696/
+210541.395-1013957.992/
+210536.008-1014004.995/
+210530.285-1014011.687/
+210524.244-1014018.048/
+210517.637-1014023.539/
+210443.661-1014040.897/
+210408.883-1014056.327/
+210333.399-1014109.787/
+210257.305-1014121.239/
+210220.702-1014130.651/
+210143.689-1014137.999/
+210106.367-1014143.262/
+210028.840-1014146.426/
+205951.210-1014147.481/
+205913.579-1014146.426/
+205836.052-1014143.260/
+205829.883-1014142.036/
+205823.662-1014141.159/
+205817.408-1014140.632/
+205811.136-1014140.456/
+205804.864-1014140.632/
+205758.610-1014141.159/
+205752.390-1014142.036/
+205746.221-1014143.260/
+205740.120-1014144.829/
+205734.105-1014146.738/
+205728.191-1014148.981/
+205722.394-1014151.553/
+205716.731-1014154.446/
+205711.218-1014157.652/
+205705.869-1014201.163/
+205700.698-1014204.969/
+205655.721-1014209.060/
+205650.950-1014213.424/
+205646.399-1014218.050/
+205642.080-1014222.924/
+205638.006-1014228.034/
+205634.186-1014233.366/
+205630.633-1014238.904/
+205627.355-1014244.633/
+205624.361-1014250.539/
+205621.660-1014256.604/
+205619.259-1014302.813/
+205617.165-1014309.147/
+205615.572-1014315.068/
NOSUK</Line>
    <Line Name="AMOVA3" Pattern="Dotted">
+210537.842-1013619.803/
+210733.385-1013847.392/
+211204.712-1014300.248/
AMOVA</Line>
    <Line Name="ANILA3C" Pattern="Dotted">
+210733.385-1013847.392/
+211645.204-1014010.533/
ANILA</Line>
        <Symbol Type="HollowSquare">
            <Point>BJX</Point>
        </Symbol>
        <Symbol Type="Circle">
            <Point>BJX</Point>
        </Symbol>
        <Symbol Type="SolidTriangle">
            <Point>NOSUK</Point>
            <Point>AMOVA</Point>
            <Point>ANILA</Point>
            <Point>MANTA</Point>
        </Symbol>
    </Map>
    <Map Type="System" Name="MMLO - Pista 31 - Salidas (Nombres)" Priority="1" Center="+203124.320-1031841.798">
        <Label HasLeader="false">
            <Point>BJX</Point>
            <Point>NOSUK</Point>
            <Point>AMOVA</Point>
            <Point>ANILA</Point>
            <Point>MANTA</Point>
        </Label>
    </Map>
    <Map Type="System" Name="MMLO - Pista 31 - Salidas RNAV" Priority="1" Center="+203124.320-1031841.798">
        <Line Name="HORTA1C" Pattern="Dotted">
            BJX/LO712/HORTA
        </Line>
        <Line Name="UKIRO1D" Pattern="Dotted">
            BJX/LO702/UKIRO
        </Line>
        <Line Name="TIDIL1D" Pattern="Dotted">
            BJX/LO701/LO703/LO704/TIDIL
        </Line>
        <Line Name="JASTO1D" Pattern="Dotted">
            LO704/JASTO
        </Line>
        <Line Name="ANILA1E" Pattern="Dotted">
            LO701/LO710/ANILA
        </Line>
        <Line Name="AUG1D" Pattern="Dotted">
            ANILA/AGU
        </Line>
        <Symbol Type="HollowStar">
            <Point>LO701</Point>
            <Point>LO702</Point>
            <Point>LO703</Point>
            <Point>LO704</Point>
            <Point>LO710</Point>
            <Point>LO712</Point>
            <Point>TIDIL</Point>
            <Point>UKIRO</Point>
            <Point>JASTO</Point>
        </Symbol>
        <Symbol Type="HollowTriangle">
            <Point>HORTA</Point>
        </Symbol>
        <Symbol Type="SolidTriangle">
            <Point>ANILA</Point>
        </Symbol>
        <Symbol Type="HollowSquare">
            <Point>AGU</Point>
        </Symbol>
        <Symbol Type="Circle">
            <Point>AGU</Point>
        </Symbol>
    </Map>
    <Map Type="System" Name="MMLO - Pista 31 - Salidas RNAV (Nombres)" Priority="1" Center="+203124.320-1031841.798">
        <Label HasLeader="false">
            <Point>AGU</Point>
            <Point>ANILA</Point>
            <Point>HORTA</Point>
            <Point>UKIRO</Point>
            <Point>TIDIL</Point>
            <Point>JASTO</Point>
        </Label>
    </Map>
</Maps>
