<?xml version="1.0" encoding="utf-8"?>
<Maps>
    <Map Type="System" Name="Pista 01 - Llegadas RNAV" Priority="1" Center="+190844.810-0961114.510">
        <Line Name="DUPLO1A" Pattern="Dashed">
            DUPLO/VR707/ALRAD
        </Line>
        <Line Name="DURIB1A" Pattern="Dashed">
            DURIB/VR700/VR701/BOBLI
        </Line>
        <Line Name="ELIKU1A" Pattern="Dashed">
            ELIKU/VR414/VR708/AMESO
        </Line>
        <Line Name="ELOGO1A" Pattern="Dashed">
            ELOGO/VR706/VR707
        </Line>
        <Line Name="GOTAS1A" Pattern="Dashed">
            GOTAS/VR502/VR704/AXELI/ALRAD
        </Line>
        <Line Name="IKLES1A" Pattern="Dashed">
            IKLES/VR700
        </Line>
        <Line Name="OMPAN1A" Pattern="Dashed">
            OMPAN/VR705/VR502
        </Line>
        <Line Name="TEVET1A" Pattern="Dashed">
            TEVET/VR412/VR700
        </Line>
        <Symbol Type="SolidTriangle">
            <Point>AXELI</Point>
            <Point>DUPLO</Point>
            <Point>ELOGO</Point>
            <Point>GOTAS</Point>
            <Point>OMPAN</Point>
        </Symbol>
        <Symbol Type="HollowStar">
            <Point>ALRAD</Point>
            <Point>AMESO</Point>
            <Point>BOBLI</Point>
            <Point>DURIB</Point>
            <Point>ELIKU</Point>
            <Point>IKLES</Point>
            <Point>TEVET</Point>
            <Point>VR412</Point>
            <Point>VR414</Point>
            <Point>VR502</Point>
            <Point>VR700</Point>
            <Point>VR701</Point>
            <Point>VR704</Point>
            <Point>VR705</Point>
            <Point>VR706</Point>
            <Point>VR707</Point>
            <Point>VR708</Point>
        </Symbol>
    </Map>
    <Map Type="System" Name="Pista 01 - Llegadas RNAV (Nombres)" Priority="1" Center="+190844.810-0961114.510">
        <Label HasLeader="false">
            <Point>DUPLO</Point>
            <Point>DURIB</Point>
            <Point>ELIKU</Point>
            <Point>ELOGO</Point>
            <Point>GOTAS</Point>
            <Point>IKLES</Point>
            <Point>OMPAN</Point>
            <Point>TEVET</Point>

            <Point>ALRAD</Point>
            <Point>AMESO</Point>
            <Point>BOBLI</Point>
        </Label>
    </Map>
    <Map Type="System" Name="Pista 01 - RNP 01" Priority="1" Center="+190844.810-0961114.510">
        <Line Pattern="Solid">
            AMESO/+190858.910-0961111.580
        </Line>
        <Line Pattern="Solid">
            BOBLI/ALRAD
        </Line>
        <Symbol Type="HollowStar">
            <Point>ALRAD</Point>
            <Point>AMESO</Point>
            <Point>BOBLI</Point>
            <Point>VR900</Point>
            <Point>VR901</Point>
        </Symbol>
    </Map>
    <Map Type="System" Name="Pista 01 - Salidas RNAV" Priority="1" Center="+190844.810-0961114.510">
        <Line Name="DUPLO1C" Pattern="Dotted">
            +190858.910-0961111.580/VR602/AXELI/VR606/VR605/DUPLO
        </Line>
        <Line Name="ELIKU1C" Pattern="Dotted">
            VR602/VR601/URSOT/VR513/ELIKU
        </Line>
        <Line Name="ELOGO1C" Pattern="Dotted">
            VR606/VR604/ELOGO
        </Line>
        <Line Name="GOTAS1C" Pattern="Dotted">
            VR602/VR407/VR603/GOTAS
        </Line>
        <Line Name="IKLES1C" Pattern="Dotted">
            VR602/VR510/VR600/VR511/IKLES
        </Line>
        <Line Name="LIDAR1" Pattern="Dotted">
            VR602/LIDAR
        </Line>
        <Line Name="NOREL1A" Pattern="Dotted">
            AXELI/NOREL
        </Line>
        <Line Name="OMPAN1C" Pattern="Dotted">
            VR407/OMPAN
        </Line>
        <Line Name="RERAS1A" Pattern="Dotted">
            VR513/RERAS
        </Line>
        <Symbol Type="SolidTriangle">
            <Point>AXELI</Point>
            <Point>DUPLO</Point>
            <Point>ELOGO</Point>
            <Point>GOTAS</Point>
            <Point>LIDAR</Point>
            <Point>NOREL</Point>
            <Point>OMPAN</Point>
            <Point>URSOT</Point>
        </Symbol>
        <Symbol Type="HollowStar">
            <Point>ELIKU</Point>
            <Point>IKLES</Point>
            <Point>RERAS</Point>
            <Point>VR407</Point>
            <Point>VR510</Point>
            <Point>VR511</Point>
            <Point>VR513</Point>
            <Point>VR600</Point>
            <Point>VR601</Point>
            <Point>VR602</Point>
            <Point>VR603</Point>
            <Point>VR604</Point>
            <Point>VR605</Point>
            <Point>VR606</Point>
        </Symbol>
    </Map>
    <Map Type="System" Name="Pista 01 - Salidas RNAV (Nombres)" Priority="1" Center="+190844.810-0961114.510">
        <Label HasLeader="false">
            <Point>DUPLO</Point>
            <Point>ELIKU</Point>
            <Point>ELOGO</Point>
            <Point>GOTAS</Point>
            <Point>IKLES</Point>
            <Point>LIDAR</Point>
            <Point>NOREL</Point>
            <Point>OMPAN</Point>
            <Point>RERAS</Point>
        </Label>
    </Map>
</Maps>
