<?xml version="1.0" encoding="utf-8"?>
<Maps>
    <Map Type="System" Name="MMSD - Pista 16 - Llegadas RNAV" Priority="1" Center="+230846.179-1094317.540">
        <Line Name="ALRIN1E" Pattern="Dashed">ALRIN/SD403/DASON/AXEDA</Line>
        <Line Name="ENEKO1A" Pattern="Dashed">ENEKO/MARUX/MARAK</Line>
        <Line Name="LEPOM1A" Pattern="Dashed">LEPOM/GOSIM/DASON</Line>
        <Line Name="TENAY1A" Pattern="Dashed">TENAY/SHAWA/BALCE/SD407/AXEDA</Line>
        <Symbol Type="SolidTriangle">
            <Point>ALRIN</Point>
            <Point>BALCE</Point>
            <Point>DASON</Point>
            <Point>ENEKO</Point>
            <Point>LEPOM</Point>
            <Point>MARUX</Point>
        </Symbol>
        <Symbol Type="HollowStar">
            <Point>AXEDA</Point>
            <Point>GOSIM</Point>
            <Point>MARAK</Point>
            <Point>SD403</Point>
            <Point>SD407</Point>
            <Point>SHAWA</Point>
            <Point>TENAY</Point>
        </Symbol>
        <Symbol Type="HollowSquare">
            <Point>CSL</Point>
            <Point>SJD</Point>
        </Symbol>
            <Symbol Type="Circle">
            <Point>CSL</Point>
            <Point>SJD</Point>
        </Symbol>
    </Map>
    <Map Type="System" Name="MMSD - Pista 16 - Llegadas RNAV (Nombres)" Priority="1" Center="+230846.179-1094317.540">
        <Label HasLeader="false">
            <Point>ALRIN</Point>
            <Point>AXEDA</Point>
            <Point>CSL</Point>
            <Point>ENEKO</Point>
            <Point>LEPOM</Point>
            <Point>MARAK</Point>
            <Point>SJD</Point>
            <Point>TENAY</Point>
        </Label>
    </Map>
    <Map Type="System" Name="MMSD - Pista 16 - RNP 16" Priority="1" Center="+230956.019-1094320.211">
        <Line Pattern="Solid">AXEDA/SD800</Line>
        <Line Pattern="Solid">MARAK/SD800</Line>
        <Line Pattern="Solid">SD800/+230956.019-1094320.211</Line>
        <Line Pattern="Solid">+231057.151-1094314.064/+231054.634-1094339.969</Line>
        <Line Pattern="Solid">+231157.023-1094320.871/+231154.506-1094346.779</Line>
        <Line Pattern="Solid">+231256.895-1094327.680/+231254.378-1094353.591</Line>
        <Line Pattern="Solid">+231356.767-1094334.490/+231354.250-1094400.405</Line>
        <Line Pattern="Solid">+231457.897-1094328.343/+231452.863-1094420.179</Line>
        <Line Pattern="Solid">+231556.511-1094348.116/+231553.993-1094414.037</Line>
        <Line Pattern="Solid">+231656.382-1094354.931/+231653.865-1094420.855</Line>
        <Line Pattern="Solid">+231756.253-1094401.748/+231753.736-1094427.675</Line>
        <Line Pattern="Solid">+231856.124-1094408.567/+231853.607-1094434.497</Line>
        <Symbol Type="HollowStar">
            <Point>AXEDA</Point>
            <Point>MARAK</Point>
            <Point>SD800</Point>
            <Point>SD801</Point>
        </Symbol>
    </Map>
    <Map Type="System" Name="MMSD - Pista 16 - Salidas RNAV" Priority="1" Center="+230956.019-1094320.211">
        <Line Name="ALRIN1A" Pattern="Dotted">+230818.898-1094307.170/SD500/SD501/AVAVU/SD507/SD508/SD403/ALRIN</Line>
        <Line Name="ANEGO1A" Pattern="Dotted">SD500/SD504/TAMET/ANEGO</Line>
        <Line Name="ILIGA1A" Pattern="Dotted">SD500/SD505/LETER/SD506/ILIGA</Line>
        <Line Name="UKUXA1A" Pattern="Dotted">AVAVU/UKUXA/</Line>
        <Symbol Type="SolidTriangle">
            <Point>ALRIN</Point>
            <Point>AVAVU</Point>
            <Point>ILIGA</Point>
            <Point>LETER</Point>
            <Point>TAMET</Point>
            <Point>UKUXA</Point>
        </Symbol>
        <Symbol Type="HollowStar">
            <Point>ANEGO</Point>
            <Point>SD403</Point>
            <Point>SD500</Point>
            <Point>SD501</Point>
            <Point>SD504</Point>
            <Point>SD505</Point>
            <Point>SD506</Point>
            <Point>SD507</Point>
            <Point>SD508</Point>
        </Symbol>
    </Map>
    <Map Type="System" Name="MMSD - Pista 16 - Salidas RNAV (Nombres)" Priority="1" Center="+230956.019-1094320.211">
        <Label HasLeader="false">
            <Point>ALRIN</Point>
            <Point>ANEGO</Point>
            <Point>ILIGA</Point>
            <Point>UKUXA</Point>
        </Label>
    </Map>
</Maps>
