<?xml version="1.0" encoding="utf-8"?>
<Maps>
    <Map Type="System" Name="MMSL - Pista 29 - Llegadas RNAV" Priority="1" Center="+225653.965-1095617.973">
        <Line Name="ENEKO1C" Pattern="Dashed">ENEKO/MARUX/DASON/SL404/SL400/AVURU/SL406/TESAC</Line>
        <Line Name="ALRIN1G" Pattern="Dashed">ALRIN/SD403/DASON</Line>
        <Line Name="LEPOM1C" Pattern="Dashed">LEPOM/GOSIM/SL405/DASON</Line>
        <Line Name="ILIGA1E" Pattern="Dashed">ILIGA/SL402/TESAC</Line>
        <Symbol Type="SolidTriangle">
            <Point>ALRIN</Point>
            <Point>DASON</Point>
            <Point>ENEKO</Point>
            <Point>ILIGA</Point>
            <Point>LEPOM</Point>
            <Point>MARUK</Point>
        </Symbol>
        <Symbol Type="HollowStar">
            <Point>AVURO</Point>
            <Point>GOSIM</Point>
            <Point>SD403</Point>
            <Point>SL400</Point>
            <Point>SL404</Point>
            <Point>SL405</Point>
            <Point>SL405</Point>
            <Point>TESAC</Point>
        </Symbol>
    </Map>
    <Map Type="System" Name="MMSL - Pista 29 - Llegadas RNAV (Nombres)" Priority="1" Center="+225653.965-1095617.973">
        <Label HasLeader="false">
            <Point>ALRIN</Point>
            <Point>ENEKO</Point>
            <Point>ILIGA</Point>
            <Point>LEPOM</Point>
            <Point>TESAV</Point>
        </Label>
    </Map>
    <Map Type="System" Name="MMSL - Pista 29 - RNP 29" Priority="1" Center="+225653.965-1095617.973">
        <Line Pattern="Solid">JERVI/SL702</Line>
        <Line Pattern="Solid">TESAC/+225637.170-1095545.780</Line>
        <Symbol Type="HollowStar">
            <Point>JERVI</Point>
            <Point>SL700</Point>
            <Point>SL701</Point>
            <Point>SL702</Point>
            <Point>TESAC</Point>
        </Symbol>
    </Map>
    <Map Type="System" Name="MMSL - Pista 29 - Salidas RNAV" Priority="1" Center="+225653.965-1095617.973">
        <Line Name="ALRIN1D" Pattern="Dotted">+225710.810-1095650.230/SL500/SL503/SL502/SL504/AVAVU/SD507/SD508/SD403/ALRIN</Line>
        <Line Name="URLET1B" Pattern="Dotted">SL500/LETAT/URLET</Line>
        <Line Name="ILIGA2D" Pattern="Dotted">SL502/SL512/SL520/ILIGA</Line>
        <Line Name="UKUXA1D" Pattern="Dotted">AVAVU/UKUXA</Line>
        <Symbol Type="SolidTriangle">
            <Point>ALRIN</Point>
            <Point>AVAVU</Point>
            <Point>ILIGA</Point>
            <Point>LETAT</Point>
            <Point>UKUXA</Point>
            <Point>URLET</Point>
        </Symbol>
        <Symbol Type="HollowStar">
            <Point>SD403</Point>
            <Point>SD507</Point>
            <Point>SD508</Point>
            <Point>SL500</Point>
            <Point>SL502</Point>
            <Point>SL503</Point>
            <Point>SL504</Point>
            <Point>SL512</Point>
            <Point>SL520</Point>
        </Symbol>
    </Map>
    <Map Type="System" Name="MMSL - Pista 29 - Salidas RNAV (Nombres)" Priority="1" Center="+225653.965-1095617.973">
        <Label HasLeader="false">
            <Point>ALRIN</Point>
            <Point>AVAVU</Point>
            <Point>ILIGA</Point>
            <Point>UKUXA</Point>
            <Point>URLET</Point>
        </Label>
    </Map>
</Maps>
