﻿<?xml version="1.0" encoding="utf-8" ?>
<MET>
    <GRIB url="http://sawbe.com/GRIB/" fileName="world.grib2" />
    <ProductTypes>
        <METAR url="http://aviationweather.gov/adds/dataserver_current/httpparam?dataSource=metars&amp;requestType=retrieve&amp;format=xml&amp;stationString=%ICAO&amp;hoursBeforeNow=2" xmlDataTag="raw_text" mostRecent="true" />
    <TAF url="https://aviationweather.gov/adds/dataserver_current/httpparam?dataSource=tafs&amp;requestType=retrieve&amp;format=xml&amp;stationString=%ICAO&amp;hoursBeforeNow=0&amp;timeType=valid&amp;mostRecent=true" xmlDataTag="raw_text" mostRecent="true"/>
        <NOTAM url="http://api.vateud.net/notams/%ICAO.xml" xmlDataTag="raw" />
    </ProductTypes>
    <Browsers>
        <Notams url="https://www.notams.faa.gov/" />
        <WXRadars url="https://smn.conagua.gob.mx/es/observando-el-tiempo/imagenes-de-satelite" />
    </Browsers>
</MET>
