<?xml version="1.0" encoding="utf-8"?>
<Sectors xmlns:xsd="http://www.w3.org/2001/XMLSchema" xmlns:xsi="http://www.w3.org/2001/XMLSchema-instance">
    <!--Centro de Control Mazatlan-->
    <Sector FullName="Torre Culiacan" Frequency="118.500" Callsign="MMCL_TWR" Name="CLTW1" DisplayInHandoffWindow="False">
        <Volumes>MMCL_CTR</Volumes>
    </Sector>
    <Sector FullName="Aproximación Culiacan" Frequency="119.750" Callsign="MMCL_APP" Name="CLAPP">
        <Volumes>MMCL_TMA</Volumes>
    </Sector>
    <Sector FullName="Torre Obregon" Frequency="118.300" Callsign="MMCN_APP" Name="CNTW1" DisplayInHandoffWindow="False">
        <Volumes>MMCN_TMA</Volumes>
    </Sector>
    <Sector FullName="Torre Durango" Frequency="118.100" Callsign="MMDO_APP" Name="DOTW1" DisplayInHandoffWindow="False">
        <Volumes>MMDO_TMA</Volumes>
    </Sector>
    <Sector FullName="Torre Guaymas" Frequency="118.600" Callsign="MMGM_TWR" Name="GMTW1" DisplayInHandoffWindow="False">
        <Volumes>MMGM_ATZ</Volumes>
    </Sector>
    <Sector FullName="Torre Hermosillo" Frequency="118.700" Callsign="MMHO_TWR" Name="HOTW1" DisplayInHandoffWindow="False">
        <Volumes>MMHO_CTR</Volumes>
    </Sector>
    <Sector FullName="Aproximación Hermosillo" Frequency="121.400" Callsign="MMHO_APP" Name="HOAPP">
        <Volumes>MMHO_TMA</Volumes>
    </Sector>
    <Sector FullName="Torre Los Mochis" Frequency="118.800" Callsign="MMLM_APP" Name="LMTW1" DisplayInHandoffWindow="False">
        <Volumes>MMLM_TMA</Volumes>
    </Sector>
    <Sector FullName="Torre La Paz" Frequency="118.100" Callsign="MMLP_TWR" Name="LPTW1" DisplayInHandoffWindow="False">
        <Volumes>MMLP_CTR</Volumes>
    </Sector>
    <Sector FullName="Aproximación La Paz" Frequency="120.600" Callsign="MMLP_APP" Name="LPAPP" DisplayInHandoffWindow="False">
        <Volumes>MMLP_TMA</Volumes>
    </Sector>
    <Sector FullName="Torre Loreto" Frequency="118.400" Callsign="MMLT_TWR" Name="LTTW1" DisplayInHandoffWindow="False">
        <Volumes>MMLT_CTR</Volumes>
    </Sector>
    <Sector FullName="Torre Mexicali" Frequency="118.200" Callsign="MMML_TWR" Name="MLTW1" DisplayInHandoffWindow="False">
        <Volumes>MMML_TMA</Volumes>
    </Sector>
    <Sector FullName="Torre Mazatlan" Frequency="118.300" Callsign="MMMZ_TWR" Name="MZTW1" DisplayInHandoffWindow="False">
        <Volumes>MMMZ_CTR</Volumes>
    </Sector>
    <Sector FullName="Aproximación Mazatlan" Frequency="121.200" Callsign="MMMZ_APP" Name="MZAPP" DisplayInHandoffWindow="False">
        <Volumes>MMMZ_TMA</Volumes>
    </Sector>
    <Sector FullName="Torre Peñasco" Frequency="118.850" Callsign="MMPE_TWR" Name="PETW1" DisplayInHandoffWindow="False">
        <Volumes>MMPE_ATZ</Volumes>
    </Sector>
    <Sector FullName="Terrestre San José" Frequency="134.100" Callsign="MMSD_GND" Name="SDSMC" DisplayInHandoffWindow="False">
        <Volumes>MMSD_CTR</Volumes>
    </Sector>
    <Sector FullName="Torre San José" Frequency="118.900" Callsign="MMSD_TWR" Name="SDTW1" DisplayInHandoffWindow="False">
        <Volumes>MMSD_CTR</Volumes>
    </Sector>
    <Sector FullName="Torre San Lucas" Frequency="118.750" Callsign="MMSL_TWR" Name="SLTW1" DisplayInHandoffWindow="False">
        <Volumes>MMSL_CTR</Volumes>
    </Sector>
    <Sector FullName="Aproximación San Jose" Frequency="120.900" Callsign="MMSD_APP" Name="SDAPP" DisplayInHandoffWindow="False">
        <Volumes>MMSD_TMA</Volumes>
    </Sector>
    <Sector FullName="Autorización Tijuana" Frequency="122.350" Callsign="MMTJ_DEL" Name="TJCDL" DisplayInHandoffWindow="False">
        <Volumes>MMTJ_CTR</Volumes>
    </Sector>
    <Sector FullName="Torre Tijuana" Frequency="118.100" Callsign="MMTJ_TWR" Name="TJTW1" DisplayInHandoffWindow="False">
        <Volumes>MMTJ_CTR</Volumes>
    </Sector>
    <Sector FullName="Torre Ensenada" Frequency="119.750" Callsign="MMES_TWR" Name="ESTW1" DisplayInHandoffWindow="False">
        <Volumes>MMES_ATZ</Volumes>
    </Sector>
    <Sector FullName="Aproximación Tijuana" Frequency="120.300" Callsign="MMTJ_APP" Name="TJAPP">
        <Volumes>MMTJ_TMA</Volumes>
    </Sector>
    <Sector FullName="ACC Mazatlan Combinado" Frequency="128.000" Callsign="MMZT_CTR" Name="MZTC">
        <ResponsibleSectors>MZT1,MZT2,MZT3,MZT4,MZT5,MZT6,MZT7,MZT8</ResponsibleSectors>
    </Sector>
    <Sector FullName="ACC Mazatlan SW" Frequency="128.300" Callsign="MMZT_W_CTR" Name="MZTW">
        <ResponsibleSectors>MZT1,MZT2,MZT8</ResponsibleSectors>
    </Sector>
    <Sector FullName="ACC Mazatlan SE" Frequency="126.500" Callsign="MMZT_E_CTR" Name="MZTE">
        <ResponsibleSectors>MZT3,MZT4,MZT5,MZT6,MZT7</ResponsibleSectors>
    </Sector>
    <Sector FullName="ACC Mazatlan Sector 1" Frequency="128.300" Callsign="MMZT_1_CTR" Name="MZT1">
        <Volumes>MMZT_SECTOR_1</Volumes>
    </Sector>
    <Sector FullName="ACC Mazatlan Sector 2" Frequency="126.300" Callsign="MMZT_2_CTR" Name="MZT2">
        <Volumes>MMZT_SECTOR_2</Volumes>
    </Sector>
    <Sector FullName="ACC Mazatlan Sector 3" Frequency="128.000" Callsign="MMZT_3_CTR" Name="MZT3">
        <Volumes>MMZT_SECTOR_3</Volumes>
    </Sector>
    <Sector FullName="ACC Mazatlan Sector 4" Frequency="126.500" Callsign="MMZT_4_CTR" Name="MZT4">
        <Volumes>MMZT_SECTOR_4</Volumes>
    </Sector>
    <Sector FullName="ACC Mazatlan Sector 5" Frequency="124.200" Callsign="MMZT_5_CTR" Name="MZT5">
        <Volumes>MMZT_SECTOR_5</Volumes>
    </Sector>
    <Sector FullName="ACC Mazatlan Sector 6" Frequency="124.600" Callsign="MMZT_6_CTR" Name="MZT6">
        <Volumes>MMZT_SECTOR_6</Volumes>
    </Sector>
    <Sector FullName="ACC Mazatlan Sector 7" Frequency="124.400" Callsign="MMZT_7_CTR" Name="MZT7">
        <Volumes>MMZT_SECTOR_7</Volumes>
    </Sector>
    <Sector FullName="ACC Mazatlan Sector 8" Frequency="128.750" Callsign="MMZT_8_CTR" Name="MZT8">
        <Volumes>MMZT_SECTOR_8</Volumes>
    </Sector>

    <!--Centro de Control Mérida-->
    <Sector FullName="Torre Carmen" Frequency="118.400" Callsign="MMCE_TWR" Name="CETW1" DisplayInHandoffWindow="False">
        <Volumes>MMCE_CTR</Volumes>
    </Sector>
    <Sector FullName="Aproximación Carmen" Frequency="119.100" Callsign="MMCE_APP" Name="CEAPP" DisplayInHandoffWindow="False">
        <Volumes>MMCE_TMA</Volumes>
    </Sector>
    <Sector FullName="Torre Chetumal" Frequency="118.800" Callsign="MMCM_TWR" Name="CMTW1" DisplayInHandoffWindow="False">
        <Volumes>MMCM_ATZ</Volumes>
    </Sector>
    <Sector FullName="Torre Campeche" Frequency="118.500" Callsign="MMCP_TWR" Name="CPTW1" DisplayInHandoffWindow="False">
        <Volumes>MMCP_CTR</Volumes>
    </Sector>
    <Sector FullName="Torre Chichen-Itza" Frequency="118.900" Callsign="MMCT_TWR" Name="CTTW1" DisplayInHandoffWindow="False">
        <Volumes>MMCT_CTR</Volumes>
    </Sector>
    <Sector FullName="Torre Ixtepec" Frequency="118.450" Callsign="MMIT_TWR" Name="ITTW1" DisplayInHandoffWindow="False">
        <Volumes>MMIT_ATZ</Volumes>
    </Sector>
    <Sector FullName="Autorización Mérida" Frequency="121.900" Callsign="MMMD_DEL" Name="MDCDL" DisplayInHandoffWindow="False">
        <Volumes>MMMD_CTR</Volumes>
    </Sector>
    <Sector FullName="Torre Mérida" Frequency="118.300" Callsign="MMMD_TWR" Name="MDTW1" DisplayInHandoffWindow="False">
        <Volumes>MMMD_CTR</Volumes>
    </Sector>
    <Sector FullName="Aproximación Mérida" Frequency="121.200" Callsign="MMMD_APP" Name="MDAPP">
        <Volumes>MMMD_TMA</Volumes>
    </Sector>
    <Sector FullName="Torre Minatitlan" Frequency="118.100" Callsign="MMMT_TWR" Name="MTTW1" DisplayInHandoffWindow="False">
        <Volumes>MMMT_CTR</Volumes>
    </Sector>
    <Sector FullName="Torre Palenque" Frequency="118.750" Callsign="MMPQ_TWR" Name="PQTW1" DisplayInHandoffWindow="False">
        <Volumes>MMPQ_CTR</Volumes>
    </Sector>
    <Sector FullName="Torre Tuxtla" Frequency="118.600" Callsign="MMTG_APP" Name="TGTW1" DisplayInHandoffWindow="False">
        <Volumes>MMTG_TMA</Volumes>
    </Sector>
    <Sector FullName="Torre Tapachula" Frequency="118.300" Callsign="MMTP_TWR" Name="TPTW1" DisplayInHandoffWindow="False">
        <Volumes>MMTP_ADA</Volumes>
    </Sector>
    <Sector FullName="Torre Cozumel" Frequency="118.000" Callsign="MMCZ_TWR" Name="CZTW1" DisplayInHandoffWindow="False">
        <Volumes>MMCZ_CTR</Volumes>
    </Sector>
    <Sector FullName="Autorización Tulum" Frequency="121.600" Callsign="MMTL_DEL" Name="TLCDL" DisplayInHandoffWindow="False">
        <Volumes>MMTL_CTR</Volumes>
    </Sector>
    <Sector FullName="Terrestre Tulum" Frequency="121.850" Callsign="MMTL_GND" Name="TLSMC" DisplayInHandoffWindow="False">
        <Volumes>MMTL_CTR</Volumes>
    </Sector>
    <Sector FullName="Torre Tulum" Frequency="118.650" Callsign="MMTL_TWR" Name="TLTW1">
        <Volumes>MMTL_CTR</Volumes>
    </Sector>
    <Sector FullName="Terrestre Cancún Norte" Frequency="121.000" Callsign="MMUN_GND" Name="UNSMC" DisplayInHandoffWindow="False">
        <Volumes>MMUN_CTR</Volumes>
    </Sector>
    <Sector FullName="Terrestre Cancún Sur" Frequency="121.700" Callsign="MMUN_S_GND" Name="UNRMP" DisplayInHandoffWindow="False">
        <Volumes>MMUN_CTR</Volumes>
    </Sector>
    <Sector FullName="Autorización Cancún" Frequency="122.100" Callsign="MMUN_DEL" Name="UNCDL" DisplayInHandoffWindow="False">
        <Volumes>MMUN_CTR</Volumes>
    </Sector>
    <Sector FullName="Torre Cancún Norte" Frequency="118.100" Callsign="MMUN_TWR" Name="UNTW1">
        <Volumes>MMUN_CTR</Volumes>
    </Sector>
    <Sector FullName="Torre Cancún Sur" Frequency="118.600" Callsign="MMUN_S_TWR" Name="UNTW2">
        <Volumes>MMUN_CTR</Volumes>
    </Sector> 
    <Sector FullName="Llegadas Cancún" Frequency="123.200" Callsign="MMUN_T_APP" Name="UNARR">
        <Volumes>MMUN_TMA</Volumes>
    </Sector>
    <Sector FullName="Final Cancún" Frequency="122.700" Callsign="MMUN_F_APP" Name="UNFNL">
        <Volumes>MMUN_TMA</Volumes>
    </Sector>
    <Sector FullName="Salidas Cancún Norte" Frequency="124.200" Callsign="MMUN_DEP" Name="UNDEP">
        <Volumes>MMUN_TMA</Volumes>
    </Sector>
    <Sector FullName="Salidas Cancún Sur" Frequency="123.500" Callsign="MMUN_S_DEP" Name="UNDES">
        <Volumes>MMUN_TMA</Volumes>
    </Sector>
    <Sector FullName="Salidas Cancún Oeste" Frequency="120.800" Callsign="MMUN_W_DEP" Name="UNDEW">
        <Volumes>MMUN_TMA</Volumes>    
    </Sector>
    <Sector FullName="Aproximación Cancún" Frequency="124.700" Callsign="MMUN_APP" Name="UNAPP">
        <Volumes>MMUN_TMA</Volumes>
    </Sector>
    <Sector FullName="Torre Villahermosa" Frequency="118.700" Callsign="MMVA_TWR" Name="VATW1" DisplayInHandoffWindow="False">
        <Volumes>MMVA_CTR</Volumes>
    </Sector>
    <Sector FullName="Aproximación Villahermosa" Frequency="120.900" Callsign="MMVA_APP" Name="VAAPP" DisplayInHandoffWindow="False">
        <Volumes>MMVA_TMA</Volumes>
    </Sector>
    <Sector FullName="ACC Mérida Combinado" Frequency="128.300" Callsign="MMID_CTR" Name="MIDC">
        <ResponsibleSectors>MID1,MID2,MID3,MID4,MID5,MID6,MID7</ResponsibleSectors>
    </Sector>
    <Sector FullName="ACC Mérida Sector SE" Frequency="125.800" Callsign="MMID_E_CTR" Name="MIDE">
        <ResponsibleSectors>MID2,MID3,MID4</ResponsibleSectors>
    </Sector>
    <Sector FullName="ACC Mérida Sector SW" Frequency="126.700" Callsign="MMID_W_CTR" Name="MIDW">
        <ResponsibleSectors>MID1,MID5,MID6,MID7</ResponsibleSectors>
    </Sector>
    <Sector FullName="ACC Mérida Sector 1" Frequency="128.300" Callsign="MMID_1_CTR" Name="MID1">
        <Volumes>MMID_SECTOR_1</Volumes>
    </Sector>
    <Sector FullName="ACC Mérida Sector 2" Frequency="125.800" Callsign="MMID_2_CTR" Name="MID2">
        <Volumes>MMID_SECTOR_2</Volumes>
    </Sector>
    <Sector FullName="ACC Mérida Sector 3" Frequency="128.200" Callsign="MMID_3_CTR" Name="MID3">
        <Volumes>MMID_SECTOR_3</Volumes>
    </Sector>
    <Sector FullName="ACC Mérida Sector 4" Frequency="125.200" Callsign="MMID_4_CTR" Name="MID4">
        <Volumes>MMID_SECTOR_4</Volumes>
    </Sector>
    <Sector FullName="ACC Mérida Sector 5" Frequency="123.750" Callsign="MMID_5_CTR" Name="MID5">
        <Volumes>MMID_SECTOR_5</Volumes>
    </Sector>
    <Sector FullName="ACC Mérida Sector 6" Frequency="126.700" Callsign="MMID_6_CTR" Name="MID6">
        <Volumes>MMID_SECTOR_6</Volumes>
    </Sector>
    <Sector FullName="ACC Mérida Sector 7" Frequency="126.700" Callsign="MMID_7_CTR" Name="MID7">
        <Volumes>MMID_SECTOR_7</Volumes>
    </Sector>

    <!--Centro de Control México-->
    <!--MMAA TMA-->
    <Sector FullName="Autorización Acapulco" Frequency="123.900" Callsign="MMAA_DEL" Name="ACCDL" DisplayInHandoffWindow="False">
        <Volumes>MMAA_CTR</Volumes>
    </Sector>
    <Sector FullName="Terrestre Acapulco" Frequency="121.900" Callsign="MMAA_GND" Name="ACSMC" DisplayInHandoffWindow="False">
        <Volumes>MMAA_CTR</Volumes>
    </Sector>
    <Sector FullName="Torre Acapulco" Frequency="118.500" Callsign="MMAA_TWR" Name="ACTW1" DisplayInHandoffWindow="False">
        <Volumes>MMAA_CTR</Volumes>
    </Sector>
    <Sector FullName="Aproximación Acapulco" Frequency="119.900" Callsign="MMAA_APP" Name="ACAPP" DisplayInHandoffWindow="False">
        <Volumes>MMAA_TMA</Volumes>
    </Sector>
    <!--MMBT ATZ-->
    <Sector FullName="Torre Huatulco" Frequency="118.000" Callsign="MMBT_TWR" Name="BTTW1" DisplayInHandoffWindow="False">
        <Volumes>MMBT_ATZ</Volumes>
    </Sector>
    <!--MMGL TMA-->
    <Sector FullName="Autorización Guadalajara" Frequency="132.800" Callsign="MMGL_DEL" Name="GLCDL" DisplayInHandoffWindow="False">
        <Volumes>MMGL_CTR</Volumes>
    </Sector>
    <Sector FullName="Rampa Guadalajara" Frequency="134.100" Callsign="MMGL_R_GND" Name="GLCCO" DisplayInHandoffWindow="False">
        <Volumes>MMGL_CTR</Volumes>
    </Sector>
    <Sector FullName="Terrestre Guadalajara" Frequency="121.900" Callsign="MMGL_GND" Name="GLSMC" DisplayInHandoffWindow="False">
        <Volumes>MMGL_CTR</Volumes>
    </Sector>
    <Sector FullName="Torre Guadalajara" Frequency="118.100" Callsign="MMGL_TWR" Name="GLTW1" DisplayInHandoffWindow="False">
        <Volumes>MMGL_CTR</Volumes>
    </Sector>
    <Sector FullName="Aproximación Guadalajara" Frequency="120.800" Callsign="MMGL_APP" Name="GLAPP">
        <Volumes>MMGL_TMA</Volumes>
    </Sector>
    <Sector FullName="Terminal Guadalajara" Frequency="119.300" Callsign="MMGL_T_APP" Name="GLTML">
        <Volumes>MMGL_TMA</Volumes>
    </Sector>
    <!--MMIA ATZ-->
    <Sector FullName="Torre Colima" Frequency="118.900" Callsign="MMIA_TWR" Name="IATW1" DisplayInHandoffWindow="False">
        <Volumes>MMIA_ATZ</Volumes>
    </Sector>
    <!--MMLO TMA-->
    <Sector FullName="Torre Aguascalientes" Frequency="118.600" Callsign="MMAS_TWR" Name="ASTW1" DisplayInHandoffWindow="False">
        <Volumes>MMAS_CTR</Volumes>
    </Sector>
    <Sector FullName="Torre León" Frequency="118.350" Callsign="MMLO_TWR" Name="LOTW1" DisplayInHandoffWindow="False">
        <Volumes>MMLO_CTR</Volumes>
    </Sector>
    <Sector FullName="Aproximación Bajio" Frequency="119.050" Callsign="MMLO_APP" Name="BXAPP">
        <Volumes>MMLO_TMA</Volumes>
    </Sector>
    <!--MMMM TMA-->
    <Sector FullName="Torre Morelia" Frequency="118.500" Callsign="MMMM_APP" Name="MMTW1" DisplayInHandoffWindow="False">
        <Volumes>MMMM_TMA</Volumes>
    </Sector>
    <!--MMMX TMA-->
    <Sector FullName="Torre Cuernavaca" Frequency="118.350" Callsign="MMCB_TWR" Name="CBTW1" DisplayInHandoffWindow="False">
        <Volumes>MMCB_CTR</Volumes>
    </Sector>
    <Sector FullName="Torre Atizapan" Frequency="118.400" Callsign="MMJC_TWR" Name="JCTW1" DisplayInHandoffWindow="False">
        <Volumes>MMJC_ATZ</Volumes>
    </Sector>
    <Sector FullName="Torre Puebla" Frequency="118.200" Callsign="MMPB_TWR" Name="PBTW1" DisplayInHandoffWindow="False">
        <Volumes>MMPB_CTR</Volumes>
    </Sector>
    <Sector FullName="Aproximación Puebla" Frequency="119.200" Callsign="MMPB_APP" Name="PBAPP" DisplayInHandoffWindow="False">
        <Volumes>MMPB_APP</Volumes>
    </Sector>
    <Sector FullName="Torre Pachuca" Frequency="122.900" Callsign="MMPc_TWR" Name="PcTW1" DisplayInHandoffWindow="False">
        <Volumes>MMPC_CTR</Volumes>
    </Sector>
    <Sector FullName="Autorización Santa Lucía" Frequency="121.900" Callsign="MMSM_DEL" Name="SMCDL" DisplayInHandoffWindow="False">
        <Volumes>MMSM_CTR</Volumes>
    </Sector>
    <Sector FullName="Terrestre Santa Lucía" Frequency="121.800" Callsign="MMSM_GND" Name="SMSMC" DisplayInHandoffWindow="False">
        <Volumes>MMSM_CTR</Volumes>
    </Sector>
    <Sector FullName="Torre Santa Lucía" Frequency="118.300" Callsign="MMSM_TWR" Name="SMTW1" DisplayInHandoffWindow="False">
        <Volumes>MMSM_CTR</Volumes>
    </Sector>
    <Sector FullName="Aproximación Lucía" Frequency="119.000" Callsign="MMSM_APP" Name="SMAPP">
        <Volumes>MLAC</Volumes>
    </Sector>
    <Sector FullName="Final Lucía 04" Frequency="128.850" Callsign="MMSM_F_APP" Name="FNL04">
        <Volumes>MSF4</Volumes>
    </Sector>
    <Sector FullName="Terrestre Toluca" Frequency="134.000" Callsign="MMTO_GND" Name="TOSMC" DisplayInHandoffWindow="False">
        <Volumes>MMTO_CTR</Volumes>
    </Sector>
    <Sector FullName="Torre Toluca" Frequency="118.000" Callsign="MMTO_TWR" Name="TOTW1" DisplayInHandoffWindow="False">
        <Volumes>MMTO_CTR</Volumes>
    </Sector>
    <Sector FullName="Aproximación Toluca" Frequency="119.350" Callsign="MMTO_APP" Name="TOAPP">
        <Volumes>MMTO_APP</Volumes>
    </Sector>
    <Sector FullName="Autorización México" Frequency="122.100" Callsign="MMMX_DEL" Name="MXCDL" DisplayInHandoffWindow="False">
        <Volumes>MMMX_CTR</Volumes>
    </Sector>
    <Sector FullName="Terrestre México" Frequency="121.850" Callsign="MMMX_GND" Name="MXSMC" DisplayInHandoffWindow="False">
        <Volumes>MMMX_CTR</Volumes>
    </Sector>
    <Sector FullName="Terrestre Sur México" Frequency="121.000" Callsign="MMMX_S_GND" Name="MXRMP" DisplayInHandoffWindow="False">
        <Volumes>MMMX_CTR</Volumes>
    </Sector>
    <Sector FullName="Torre México" Frequency="118.550" Callsign="MMMX_TWR" Name="MXTWR" DisplayInHandoffWindow="False">
        <Volumes>MMMX_CTR</Volumes>
    </Sector>
    <Sector FullName="Llegadas México" Frequency="129.650" Callsign="MMMX_T_APP" Name="MARR1">
        <ResponsibleSectors>MXLN5,MXLS5,MXLN23,MXLS23</ResponsibleSectors>
    </Sector>
    <Sector FullName="Llegadas Norte México 05" Frequency="129.650" Callsign="MMMX_TN5_APP" Name="MXLN5" DisplayInHandoffWindow="False">
        <Volumes>MXLN5</Volumes>
    </Sector>
    <Sector FullName="Llegadas Sur México 05" Frequency="129.650" Callsign="MMMX_TS5_APP" Name="MXLS5" DisplayInHandoffWindow="False">
        <Volumes>MXLS5</Volumes>
    </Sector>
    <Sector FullName="Llegadas Norte México 23" Frequency="129.650" Callsign="MMMX_TN3_APP" Name="MXLN23" DisplayInHandoffWindow="False">
        <Volumes>MXLN23</Volumes>
    </Sector>
    <Sector FullName="Llegadas Sur México 23" Frequency="129.650" Callsign="MMMX_TS3_APP" Name="MXLS23" DisplayInHandoffWindow="False">
        <Volumes>MXLS23</Volumes>
    </Sector>
    <Sector FullName="Aproximación México Combinado" Frequency="121.200" Callsign="MMMX_APP" Name="MAPPC">
        <Volumes>MXAC</Volumes>
    </Sector>
    <Sector FullName="Aproximación México" Frequency="121.200" Callsign="MMMX_1_APP" Name="MAPP1">
        <ResponsibleSectors>MXA5,MXA23</ResponsibleSectors>
    </Sector>
    <Sector FullName="Aproximación México 05" Frequency="121.200" Callsign="MMMX_5_APP" Name="MXA5" DisplayInHandoffWindow="False">
        <Volumes>MXA5</Volumes>
    </Sector>
    <Sector FullName="Aproximación México 23" Frequency="121.200" Callsign="MMMX_3_APP" Name="MXA23" DisplayInHandoffWindow="False">
        <Volumes>MXA23</Volumes>
    </Sector>
    <Sector FullName="Final México 05" Frequency="119.750" Callsign="MMMX_F_APP" Name="FNL05">
        <Volumes>MXF5</Volumes>
    </Sector>
    <Sector FullName="Final México 23" Frequency="119.750" Callsign="MMMX_F2_APP" Name="FNL23">
        <Volumes>MXF23</Volumes>
    </Sector>
    <Sector FullName="Salidas México" Frequency="120.500" Callsign="MMMX_DEP" Name="MXDEP">
        <ResponsibleSectors>MXD5,MXD23</ResponsibleSectors>
    </Sector>
    <Sector FullName="Salidas México 05" Frequency="120.500" Callsign="MMMX_5_DEP" Name="MXD5" DisplayInHandoffWindow="False">
        <Volumes>MXD5</Volumes>
    </Sector>
    <Sector FullName="Salidas México 23" Frequency="120.500" Callsign="MMMX_3_DEP" Name="MXD23" DisplayInHandoffWindow="False">
        <Volumes>MXD23</Volumes>
    </Sector>
    <!--MMOX TMA-->
    <Sector FullName="Torre Oaxaca" Frequency="118.300" Callsign="MMOX_TWR" Name="OXTW1" DisplayInHandoffWindow="False">
        <Volumes>MMOX_CTR</Volumes>
    </Sector>
    <Sector FullName="Aproximación Oaxaca" Frequency="121.100" Callsign="MMOX_APP" Name="OXAPP" DisplayInHandoffWindow="False">
        <Volumes>MMOX_TMA</Volumes>
    </Sector>
    <!--MMPA ATZ-->
    <Sector FullName="Torre Poza Rica" Frequency="118.900" Callsign="MMPA_TWR" Name="PATW1" DisplayInHandoffWindow="False">
        <Volumes>MMPA_ATZ</Volumes>
    </Sector>
    <!--MMSP TMA-->
    <Sector FullName="Torre Potosí" Frequency="118.900" Callsign="MMSP_TWR" Name="SPTW1" DisplayInHandoffWindow="False">
        <Volumes>MMSP_CTR</Volumes>
    </Sector>
    <Sector FullName="Aproximación Potosí" Frequency="127.500" Callsign="MMSP_APP" Name="SPAPP" DisplayInHandoffWindow="False">
        <Volumes>MMSP_TMA</Volumes>
    </Sector>
    <!--MMTM TMA-->
    <Sector FullName="Torre Tampico" Frequency="118.300" Callsign="MMTM_TWR" Name="TMTW1" DisplayInHandoffWindow="False">
        <Volumes>MMTM_CTR</Volumes>
    </Sector>
    <Sector FullName="Torre Tamuín" Frequency="118.100" Callsign="MMTN_TWR" Name="TNTW1" DisplayInHandoffWindow="False">
        <Volumes>MMTN_ATZ</Volumes>
    </Sector>
    <Sector FullName="Aproximación Tampico" Frequency="120.300" Callsign="MMTM_APP" Name="TMAPP" DisplayInHandoffWindow="False">
        <Volumes>MMTM_TMA</Volumes>
    </Sector>
    <!--MMPN ATZ-->
    <Sector FullName="Torre Uruapan" Frequency="118.200" Callsign="MMPN_TWR" Name="PNTW1" DisplayInHandoffWindow="False">
        <Volumes>MMPN_ATZ</Volumes>
    </Sector>
    <!--MMPR TMA-->
    <Sector FullName="Torre Tepic" Frequency="118.800" Callsign="MMEP_TWR" Name="EPTW1" DisplayInHandoffWindow="False">
        <Volumes>MMEP_AFIS</Volumes>
    </Sector>
    <Sector FullName="Torre Vallarta" Frequency="118.500" Callsign="MMPR_TWR" Name="PRTW1" DisplayInHandoffWindow="False">
        <Volumes>MMPR_CTR</Volumes>
    </Sector>
    <Sector FullName="Aproximación Vallarta" Frequency="119.000" Callsign="MMPR_APP" Name="PRAPP">
        <Volumes>MMPR_TMA</Volumes>
    </Sector>
    <Sector FullName="Terminal Vallarta" Frequency="121.300" Callsign="MMPR_T_APP" Name="PRTMA">
        <Volumes>MMPR_TMA</Volumes>
    </Sector>
    <!--MMPR TMA-->
    <Sector FullName="Torre Escondido" Frequency="118.900" Callsign="MMPS_TWR" Name="PSTW1" DisplayInHandoffWindow="False">
        <Volumes>MMPS_ATZ</Volumes>
    </Sector>
    <!--MMQT TMA-->
    <Sector FullName="Terrestre Querétaro" Frequency="121.750" Callsign="MMQT_GND" Name="QTSMC" DisplayInHandoffWindow="False">
        <Volumes>MMQT_CTR</Volumes>
    </Sector>
    <Sector FullName="Torre Querétaro" Frequency="118.950" Callsign="MMQT_TWR" Name="QTTW1" DisplayInHandoffWindow="False">
        <Volumes>MMQT_CTR</Volumes>
    </Sector>
    <Sector FullName="Aproximación Querétaro" Frequency="127.200" Callsign="MMQT_APP" Name="QTAPP" DisplayInHandoffWindow="False">
        <Volumes>MMQT_TMA</Volumes>
    </Sector>
    <!--MMVR TMA-->
    <Sector FullName="Torre Veracruz" Frequency="118.500" Callsign="MMVR_TWR" Name="VRTW1" DisplayInHandoffWindow="False">
        <Volumes>MMVR_CTR</Volumes>
    </Sector>
    <Sector FullName="Aproximación Veracruz" Frequency="120.400" Callsign="MMVR_APP" Name="VRAPP">
        <Volumes>MMVR_TMA</Volumes>
    </Sector>
    <!--MMZC TMA-->
    <Sector FullName="Torre Zacatecas" Frequency="118.000" Callsign="MMZC_TWR" Name="ZCTW1" DisplayInHandoffWindow="False">
        <Volumes>MMZC_CTR</Volumes>
    </Sector>
    <!--MMZH TMA-->
    <Sector FullName="Torre Zihuatanejo" Frequency="118.300" Callsign="MMZH_TWR" Name="ZHTW1" DisplayInHandoffWindow="False">
        <Volumes>MMZH_CTR</Volumes>
    </Sector>
    <Sector FullName="Aproximación Zihuatanejo" Frequency="121.000" Callsign="MMZH_APP" Name="ZHAPP" DisplayInHandoffWindow="False">
        <Volumes>MMZH_TMA</Volumes>
    </Sector>
    <!--MMZO TMA-->
    <Sector FullName="Torre Manzanillo" Frequency="118.700" Callsign="MMZO_APP" Name="ZOTW1" DisplayInHandoffWindow="False">
        <Volumes>MMZO_TMA</Volumes>
    </Sector>  
    <!--MMEX ACC-->
    <Sector FullName="ACC México Combinado" Frequency="126.600" Callsign="MMEX_CTR" Name="MEXC">
        <ResponsibleSectors>MEX1,MEX2,MEX3,MEX4,MEX5,MEX6,MEX7,MEX8,MEX9,MEX10</ResponsibleSectors>
    </Sector>
    <Sector FullName="ACC México Sector NS" Frequency="128.500" Callsign="MMEX_NS_CTR" Name="MEXN">
        <ResponsibleSectors>MEX1,MEX2,MEX3,MEX4,MEX5,MEX6,MEX7,MEX8,MEX9,MEX10</ResponsibleSectors>
    </Sector>
    <Sector FullName="ACC México Sector SS" Frequency="125.100" Callsign="MMEX_SS_CTR" Name="MEXS">
        <ResponsibleSectors>MEX1,MEX2,MEX3,MEX4,MEX5,MEX6,MEX7,MEX8,MEX9,MEX10</ResponsibleSectors>
    </Sector>
    <Sector FullName="ACC México Sector WS" Frequency="126.150" Callsign="MMEX_WS_CTR" Name="MEXW">
        <ResponsibleSectors>MEX1,MEX2,MEX3,MEX4,MEX5,MEX6,MEX7,MEX8,MEX9,MEX10</ResponsibleSectors>
    </Sector>
    <Sector FullName="ACC México Sector ES" Frequency="124.000" Callsign="MMEX_ES_CTR" Name="MEXE">
        <ResponsibleSectors>MEX1,MEX2,MEX3,MEX4,MEX5,MEX6,MEX7,MEX8,MEX9,MEX10</ResponsibleSectors>    
    </Sector>
    <Sector FullName="ACC México Sector 1" Frequency="126.600" Callsign="MMEX_1_CTR" Name="MEX1">
        <Volumes>MMEX_SECTOR_1</Volumes>
    </Sector>
    <Sector FullName="ACC México Sector 2" Frequency="124.000" Callsign="MMEX_2_CTR" Name="MEX2">
        <Volumes>MMEX_SECTOR_2</Volumes>
    </Sector>
    <Sector FullName="ACC México Sector 3" Frequency="128.500" Callsign="MMEX_3_CTR" Name="MEX3">
        <Volumes>MMEX_SECTOR_3</Volumes>
    </Sector>
    <Sector FullName="ACC México Sector 4" Frequency="123.500" Callsign="MMEX_4_CTR" Name="MEX4">
        <Volumes>MMEX_SECTOR_4</Volumes>
    </Sector>
    <Sector FullName="ACC México Sector 5" Frequency="125.100" Callsign="MMEX_5_CTR" Name="MEX5">
        <Volumes>MMEX_SECTOR_5</Volumes>
    </Sector>
    <Sector FullName="ACC México Sector 6" Frequency="126.150" Callsign="MMEX_6_CTR" Name="MEX6">
        <Volumes>MMEX_SECTOR_6</Volumes>
    </Sector>
    <Sector FullName="ACC México Sector 7" Frequency="123.900" Callsign="MMEX_7_CTR" Name="MEX7">
        <Volumes>MMEX_SECTOR_7</Volumes>
    </Sector>
    <Sector FullName="ACC México Sector 8" Frequency="127.300" Callsign="MMEX_8_CTR" Name="MEX8">
        <Volumes>MMEX_SECTOR_8</Volumes>
    </Sector>
    <Sector FullName="ACC México Sector 9" Frequency="133.100" Callsign="MMEX_9_CTR" Name="MEX9">
        <Volumes>MMEX_SECTOR_9</Volumes>
    </Sector>
    <Sector FullName="ACC México Sector 10" Frequency="133.200" Callsign="MMEX_10_CTR" Name="MEX10">
        <Volumes>MMEX_SECTOR_10</Volumes>
    </Sector>

    <!--Centro de Control Monterrey-->
    <Sector FullName="Torre Juarez" Frequency="118.900" Callsign="MMCS_TWR" Name="CSTW1" DisplayInHandoffWindow="False">
        <Volumes>MMCS_CTR</Volumes>
    </Sector>
    <Sector FullName="Aproximación Juarez" Frequency="119.900" Callsign="MMCS_APP" Name="CSAPP" DisplayInHandoffWindow="False">
        <Volumes>MMCS_TMA</Volumes>
    </Sector>
    <Sector FullName="Torre Chihuahua" Frequency="118.400" Callsign="MMCU_TWR" Name="CUTW1" DisplayInHandoffWindow="False">
        <Volumes>MMCU_CTR</Volumes>
    </Sector>
    <Sector FullName="Aproximación Chihuahua" Frequency="121.000" Callsign="MMCU_APP" Name="CUAPP">
        <Volumes>MMCU_TMA</Volumes>
    </Sector>
    <Sector FullName="Torre Victoria" Frequency="118.200" Callsign="MMCV_TWR" Name="CVTW1" DisplayInHandoffWindow="False">
        <Volumes>MMCV_ATZ</Volumes>
    </Sector>
    <Sector FullName="Aproximación Victoria" Frequency="125.425" Callsign="MMCV_APP" Name="CVAPP" DisplayInHandoffWindow="False">
        <Volumes>MMCV_TMA</Volumes>
    </Sector>
    <Sector FullName="Torre Creel" Frequency="118.550" Callsign="MMGA_TWR" Name="GATW1" DisplayInHandoffWindow="False">
        <Volumes>MMGA_ATZ</Volumes>
    </Sector>
    <Sector FullName="Torre Saltillo" Frequency="118.400" Callsign="MMIO_TWR" Name="IOTW1" DisplayInHandoffWindow="False">
        <Volumes>MMIO_CTR</Volumes>
    </Sector>
    <Sector FullName="Torre Matamoros" Frequency="118.000" Callsign="MMMA_APP" Name="MATW1" DisplayInHandoffWindow="False">
        <Volumes>MMMA_TMA</Volumes>
    </Sector>
    <Sector FullName="Terrestre Del Norte" Frequency="122.000" Callsign="MMAN_GND" Name="ANSMC" DisplayInHandoffWindow="False">
        <Volumes>MMAN_CTR</Volumes>
    </Sector>
    <Sector FullName="Torre Del Norte" Frequency="118.600" Callsign="MMAN_TWR" Name="ANTW1" DisplayInHandoffWindow="False">
        <Volumes>MMAN_CTR</Volumes>
    </Sector>
    <Sector FullName="Autorización Monterrey" Frequency="123.750" Callsign="MMMY_DEL" Name="MYCDL" DisplayInHandoffWindow="False">
        <Volumes>MMMY_CTR</Volumes>
    </Sector>
    <Sector FullName="Terrestre Monterrey" Frequency="121.900" Callsign="MMMY_GND" Name="MYSMC" DisplayInHandoffWindow="False">
        <Volumes>MMMY_CTR</Volumes>
    </Sector>
    <Sector FullName="Torre Monterrey" Frequency="118.100" Callsign="MMMY_TWR" Name="MYTWR" DisplayInHandoffWindow="False">
        <Volumes>MMMY_CTR</Volumes>
    </Sector>
    <Sector FullName="Aproximación Monterrey" Frequency="119.750" Callsign="MMMY_APP" Name="MYAPP">
        <Volumes>MMMY_TMA</Volumes>
    </Sector>
    <Sector FullName="Terminal Monterrey" Frequency="120.400" Callsign="MMMY_T_APP" Name="MYTMA">
        <Volumes>MMMY_TMA</Volumes>
    </Sector>
    <Sector FullName="Torre Nuevo Laredo" Frequency="118.300" Callsign="MMNL_APP" Name="NLTW1" DisplayInHandoffWindow="False">
        <Volumes>MMNL_TMA</Volumes>
    </Sector>
    <Sector FullName="Torre Reynosa" Frequency="118.800" Callsign="MMRX_TWR" Name="RXTW1" DisplayInHandoffWindow="False">
        <Volumes>MMRX_CTR</Volumes>
    </Sector>
    <Sector FullName="Aproximación Reynosa" Frequency="127.200" Callsign="MMRX_APP" Name="RXAPP" DisplayInHandoffWindow="False">
        <Volumes>MMRX_TMA</Volumes>
    </Sector>
    <Sector FullName="Torre Torreón" Frequency="118.500" Callsign="MMTC_TWR" Name="TCTW1" DisplayInHandoffWindow="False">
        <Volumes>MMTC_CTR</Volumes>
    </Sector>
    <Sector FullName="Aproximación Torreón" Frequency="119.600" Callsign="MMTC_APP" Name="TCAPP" DisplayInHandoffWindow="False">
        <Volumes>MMTC_TMA</Volumes>
    </Sector>  
    <Sector FullName="ACC Monterrey Combinado" Frequency="124.500" Callsign="MMTY_CTR" Name="MTYC">
        <ResponsibleSectors>MTY1,MTY2,MTY3,MTY4,MTY5</ResponsibleSectors>
    </Sector>
    <Sector FullName="ACC Monterrey SW" Frequency="125.600" Callsign="MMTY_W_CTR" Name="MTYW">    
        <ResponsibleSectors>MTY3,MTY4,MTY5</ResponsibleSectors>
    </Sector>
    <Sector FullName="ACC Monterrey SE" Frequency="125.425" Callsign="MMTY_E_CTR" Name="MTYE">
        <ResponsibleSectors>MTY1,MTY2</ResponsibleSectors>
    </Sector>
    <Sector FullName="ACC Monterrey Sector 1" Frequency="124.500" Callsign="MMTY_1_CTR" Name="MTY1">
        <Volumes>MMTY_SECTOR_1</Volumes>
    </Sector>
    <Sector FullName="ACC Monterrey Sector 2" Frequency="125.425" Callsign="MMTY_2_CTR" Name="MTY2">
        <Volumes>MMTY_SECTOR_2</Volumes>
    </Sector>
    <Sector FullName="ACC Monterrey Sector 3" Frequency="127.400" Callsign="MMTY_3_CTR" Name="MTY3">
        <Volumes>MMTY_SECTOR_3</Volumes>
    </Sector>
    <Sector FullName="ACC Monterrey Sector 4" Frequency="126.400" Callsign="MMTY_4_CTR" Name="MTY4">
        <Volumes>MMTY_SECTOR_4</Volumes>
    </Sector>
    <Sector FullName="ACC Monterrey Sector 5" Frequency="125.600" Callsign="MMTY_5_CTR" Name="MTY5">
        <Volumes>MMTY_SECTOR_5</Volumes>
    </Sector>

    <!--MEXICO FIR-->
    <Sector FullName="FIR Mexico" Frequency="134.100" Callsign="MMFR_FSS" Name="MFRC">
        <Volumes>MFRC</Volumes>
    </Sector>
</Sectors>
