<?xml version="1.0" encoding="utf-8"?>
<Maps>
    <Map Type="Local_Private" Name="Texto - Frecuencias Individuales" Priority="0">
        <Label HasLeader="false">
            <Point Name="124.500">+243906.875-0970259.562</Point>
            <Point Name="125.420">+242850.820-0995521.750</Point>
            <Point Name="127.400">+273531.507-1010939.437</Point>
            <Point Name="126.400">+252951.312-1025713.031</Point>
            <Point Name="125.600">+285412.953-1055141.531</Point>
        </Label>
    </Map>
</Maps>
