<?xml version="1.0" encoding="utf-8"?>
<Maps>
    <Map Type="System2" Name="Aeropuerto - Pistas" Priority="1" Center="+192617.580-0990407.680">
        <!--MMMX-->
        <Runway Name="05L/23R">
            <Threshold Name="05L" Position="+192547.50-0990511.500" />
            <Threshold Name="23R" Position="+192635.90-0990345.200" />
        </Runway>
        <Runway Name="05R/23L">
            <Threshold Name="05R" Position="+192545.10-0990455.100" />
            <Threshold Name="23L" Position="+192641.40-0990314.600" />
        </Runway>
        <!--MMTO-->
        <Runway Name="15/33">
            <Threshold Name="15" Position="+192115.700-0993425.900" />
            <Threshold Name="33" Position="+191916.200-0993331.800" />
        </Runway>
        <!--MMCB-->
        <Runway Name="03/21">
            <Threshold Name="03" Position="+185042.400-0991517.000" />
            <Threshold Name="21" Position="+184937.100-0991559.300" />
        </Runway>
        <!--MMPB-->
        <Runway Name="17/35">
            <Threshold Name="17" Position="+191027.970-0982219.580" />
            <Threshold Name="35" Position="+190830.870-0982215.260" />
        </Runway>
        <!--MMSM-->
        <Runway Name="04L/22R">
            <Threshold Name="04L" Position="+194402.690-0990222.910" />
            <Threshold Name="22R" Position="+194538.340-0990026.010" />
        </Runway>
        <Runway Name="04C/22C">
            <Threshold Name="04C" Position="+194342.820-0990123.180" />
            <Threshold Name="22C" Position="+194518.460-0985926.270" />
        </Runway>
        <Runway Name="04R/22L">
            <Threshold Name="04R" Position="+194332.960-0990114.260" />
            <Threshold Name="22L" Position="+194447.400-0985943.260" />
        </Runway>
    </Map>
    <Map Type="System" Name="Aeropuerto - Rutas VFR" Priority="1">
        <!--DEPARTURES MMCB-->
        <Line Name="CUATLA" Pattern="Broken">TECNOLOGICO CVA/LAS ESTACAS/CUAUTLA</Line>
        <Line Name="MEXICO BAJA" Pattern="Broken">YAUTEPEC/OZUMBA</Line>
        <Line Name="MEXICO CHARLIE" Pattern="Broken">ESTANQUES ACUICULTURA/EDIFICIOS ALTITUDE/TRES MARIAS</Line>
        <Line Name="PUEBLA CHARLIE" Pattern="Broken">LIBRAMIENTO CVA/LOBOS/YAUTEPEC/TLACOTEPEC</Line>
        <Line Name="SUR CHARLIE" Pattern="Broken">TECNOLOGICO CVA/VIVEROS CVA/BUENA VISTA</Line>
        <Line Name="TAXCO" Pattern="Broken">XOCHICALCO/INVERNADEROS MIACATLAN/CACAHUAMILPA/TAXCO</Line>
        <Line Name="TOLUCA CHARLIE" Pattern="Broken">INVERNADEROS MIACATLAN/TENANCINGO</Line>
        <!--ARRIVALS MMCB-->
        <Line Name="IXTAPAN DE LA SAL" Pattern="Broken">IXTAPAN DE LA SAL/INVERNADEROS MIACATLAN/ESTANQUES ACUICULTURA</Line>
        <Line Name="PASO DE MORELOS" Pattern="Broken">PASO MORELOS/TLALTIZAPAN/TECNOLOGICO CVA/LIBRAMIENTO CVA</Line>
        <Line Name="TAXCO" Pattern="Broken">TAXCO/INVERNADEROS MIACATLAN</Line>
        <Line Name="TOLUCA CHARLIE" Pattern="Broken">TENANCINGO/MALINALCO/INVERNADEROS MIACATLAN</Line>
        <!--CONECTORS MMCB-->
        <Line Name="CUAUTLA-TLACOTEPEC" Pattern="Broken">CUAUTLA/TLACOTEPEC</Line>
        <Line Name="OZUMBA-CHALCO" Pattern="Broken">OZUMBA/CHALCO</Line>
        <Line Name="TENANGO-TENANCINGO" Pattern="Broken">TENANGO/TENANCINGO</Line>
        <Line Name="TRES MARIAS-TOPILEJO" Pattern="Broken">TRES MARIAS/TOPILEJO</Line>
        <Line Name="XOCHICALCO-ESTANQUES" Pattern="Broken">XOCHICALCO/ESTANQUES ACUICULTURA</Line>

        <!--DEPARTURES MMMX-->
        <Line Name="ESTE" Pattern="Broken">ARENAL/CHIMALHUACAN</Line>
        <Line Name="VOLVO" Pattern="Broken">ARENAL/PUENTE SAN JUAN/VOLVO</Line>
        <Line Name="SUROESTE" Pattern="Broken">PUENTE SAN JUAN/SUR ABASTOS/CNA/VIVEROS</Line>
        <Line Name="PERISUR" Pattern="Broken">SUR ABASTOS/PERISUR</Line>
        <Line Name="CONDOR" Pattern="Broken">OLIMPICO/PUENTE SAN JUAN</Line>
        <!--ARRIVALS MMMX-->
        <Line Name="VOLVO" Pattern="Broken">COYOTE NEZA/ARENAL</Line>
        <Line Name="SUR" Pattern="Broken">VIVEROS/NORTE ABASTOS/ROJO GOMEZ/ARENAL</Line>
        <Line Name="CONDOR" Pattern="Broken">NORTE ABASTOS/ZARAGOZA</Line>
        <!--BIDRECTIONAL MMMX-->
        <Line Name="CUERNAVACA MIKE" Pattern="Broken">PERISUR/CUEMANCO/TOPILEJO/TRES MARIAS</Line>
        <Line Name="CUERNAVACA BAJA" Pattern="Broken">CUEMANCO/CHALCO/OZUMBA</Line>
        <Line Name="CUERNAVACA BAJA 2" Pattern="Broken">VOLVO/CHALCO</Line>
        <Line Name="LUCIA" Pattern="Broken">CARACOL/MINA DE ECATEPEC/RANCHO AZUL</Line>
        <Line Name="PACHUCA" Pattern="Broken">RANCHO AZUL/TOLMAN</Line>
        <Line Name="PUEBLA MIKE" Pattern="Broken">VOLVO/SAN MARTIN/PASO DE RIO FRIO</Line>
        <Line Name="PUEBLA MIKE 2" Pattern="Broken">CHIMALHUACAN/SAN MARTIN</Line>
        <Line Name="PUEBLA BAJA" Pattern="Broken">CHIMALHUACAN/CALPULALPAN/CERRO DE LAS ANTENAS</Line>
        <Line Name="QUERETARO MIKE" Pattern="Broken">SATELITE/MADIN</Line>
        <Line Name="TOLUCA AICM BI DIRECCIONAL" Pattern="Broken">PERISUR/POETAS/CAPILLA</Line>
        <Line Name="TOLUCA LLEGADA" Pattern="Broken">CAPILLA/CLUB GOLF BOSQUES/PANTEON</Line>
        <Line Name="TOLUCA CDMX BI DIRECCIONAL" Pattern="Broken">BOSQUE REAL/CAPILLA</Line>
        <!--CONECTORS MMMX-->
        <Line Name="DURAZNOS-MADIN" Pattern="Broken">DURAZNOS/AEROPUERTO MMJC/MADIN</Line>
        <Line Name="VILLA ALPINA-MADIN" Pattern="Broken">VILLA ALPINA/MADIN</Line>
        <Line Name="PANTEON-VIVEROS" Pattern="Broken">PANTEON/VIVEROS</Line>
        <Line Name="PERISUR-TOPILEJO" Pattern="Broken">PERISUR/TOPILEJO</Line>
        <Line Name="CHALCO-SAN MARTIN" Pattern="Broken">CHALCO/SAN MARTIN</Line>
        <Line Name="COYOTE NEZA-VOLVO" Pattern="Broken">COYOTE NEZA/VOLVO</Line>
        <Line Name="CARACOL-CHIMALHUACAN" Pattern="Broken">CARACOL/CHINCONCUAC/TEXCOCO/CHIMALHUACAN</Line>
        <Line Name="CARACOL-BOSQUE REAL" Pattern="Broken">PABELLON/BOSQUE REAL</Line>

        <!--BIDRECTIONAL MMPB-->
        <Line Name="TLAXCALA" Pattern="Broken">ZONA INDUSTRIAL/APIZACO/PLAZA TLAXCALA/TLALTENANGO</Line>
        <Line Name="LA PAZ" Pattern="Broken">PRESA/CERRO LA PAZ/TLALTENANGO</Line>
        <Line Name="PIRAMIDE" Pattern="Broken">PRESA/VALSEQUILLO/PIRAMIDE DE CHOLULA/TLALTENANGO</Line>
        <Line Name="AUTODROMO 1" Pattern="Broken">PARQUE XONACATEPEC/ESTADIO PBC/TLALTENANGO</Line>
        <Line Name="CUERNAVACA WHISKY" Pattern="Broken">HUAQUECHULA/ATLIXCO/NEALTICAN/HUEJOTZINGO</Line>
        <Line Name="CALPULALPAN" Pattern="Broken">CERRO DE LAS ANTENAS/HUEJOTZINGO</Line>
        <Line Name="RIO FRIO" Pattern="Broken">PASO DE RIO FRIO/HUEJOTZINGO</Line>
        <Line Name="TEHUACAN" Pattern="Broken">PIRAMIDE DE CHOLULA/SAN FRANCISCO TOTIMEHUACAN/PRESA/HUITZILTEPEC/PLAZA TEHUACAN</Line>
        <Line Name="CUERNAVACA PAPA" Pattern="Broken">TLACOTEPEC/ATLIXCO/ACOCOTLA</Line>
        <Line Name="SOBRE VUELO" Pattern="Broken">HUEJOTZINGO/MMPB/TLALTENANGO</Line>
        <Line Name="AUTODROMO 2" Pattern="Broken">SAN MIGUEL CANOA/TLALTENANGO</Line>
        <!--CONECTORS MMPB-->
        <Line Name="AJUCHITAN-ATLIXCO" Pattern="Broken">AJUCHITAN/HUAQUECHULA/ATLIXCO</Line>
        <Line Name="ACOCOTLA-VALSEQUILLO" Pattern="Broken">ACOCOTLA/VALSEQUILLO</Line>
        <Line Name="PARQUE XONACATEPEC-AUTODROMO" Pattern="Broken">PARQUE XONACATEPEC/AUTODROMO</Line>
        <Line Name="SAN MIGUEL CANOA-AUTODROMO" Pattern="Broken">SAN MIGUEL CANOA/AUTODROMO</Line>

        <!--BIDIRECTIONAL CIV FIXED WING MMSM-->
        <Line Name="TOLUCA 04L-22R" Pattern="Broken">VILLA ALPINA/MADIN/CUAUTITLAN/LAGO ZUMPANGO/PLAZA TOWN</Line>
        <Line Name="TOLUCA 04C-22C" Pattern="Broken">MADIN/PABELLON/CARACOL/MINA DE ECATEPEC/OJO DE AGUA</Line>
        <Line Name="QUERETARO 04L-22R" Pattern="Broken">CHAPA DE MOTA/CUAUTITLAN</Line>
        <Line Name="QUERETARO 04C-22C" Pattern="Broken">CHAPA DE MOTA/DURAZNOS/AEROPUERTO MMJC/MADIN</Line>
        <Line Name="PACHUCA 04L-22R" Pattern="Broken">AEROPUERTO MMPC/LAGO ZUMPANGO</Line>
        <Line Name="PACHUCA 04C-22C" Pattern="Broken">AEROPUERTO MMPC/TOLMAN/OXTOT/CARACOL</Line>
        <Line Name="PUEBLA 04L-22R" Pattern="Broken">CALPULALPAN/TOLMAN/SANTO DOMINGO/ARCO NORTE/LAGO ZUMPANGO</Line>
        <Line Name="NORTE PCA" Pattern="Broken">DURAZNOS/PRESA TAXHIMAY/TEPEJI DEL RIO/AEROPUERTO MMPC</Line>
        <!--DEPARTURE CIV HELICOPTER MMSM-->
        <Line Name="NORTE PCA" Pattern="Broken">TECAMAC/ENTRONQUE CARRETERA/TOLMAN</Line>
        <Line Name="NORTE PCA" Pattern="Broken">ENTRONQUE CARRETERA/MINA DE ECATEPEC</Line>
        <!--CONNECTORS MMSM-->
        <Line Name="SAN JUAN DEL RIO-CHAPA DE MOTA" Pattern="Broken">SAN JUAN DEL RIO/CHAPA DE MOTA</Line>

        <!--ARRIVAL & DEPARTURES (SENEAM) FIXED WING MMTO-->
        <Line Name="MILED" Pattern="Broken">HOTEL MILED/LAGUNA OJUELOS</Line>
        <Line Name="METEPEC" Pattern="Broken">CERRO METEPEC/CALIMAYA/TENANGO</Line>
        <Line Name="XONACATLAN" Pattern="Broken">XONACATLAN/VILLA DEL CARBON</Line>
        <Line Name="PERICOS" Pattern="Broken">CERRO PERICOS/ALMOLOYA/LAGO VILLA VICTORIA</Line>
        <!--BIDIRECTIONALS FIXED WING MMTO-->
        <Line Name="QUERETARO" Pattern="Broken">CERRO PERICOS/IXTLAHUACA/SAN JUAN DEL RIO</Line>
        <Line Name="LUCIA" Pattern="Broken">LIBRAMIENTO TLC/XONACATLAN/VILLA ALPINA</Line>
        <Line Name="MEXICO DEL CARBON" Pattern="Broken">LIBRAMIENTO TLC/VERONICA/CAPILLA</Line>
        <!--DEPARTURE HELICOPTERS MMTO-->
        <Line Name="MEXICO" Pattern="Broken">TECNOLOGICO TLC/VERONICA</Line>
        <!--ARRIVAL HELICOPTERS MMTO-->
        <Line Name="MEXICO" Pattern="Broken">VERONICA/SAN NICOLAS</Line>
        <!--OVERFLIGHT HELICOPTERS MMTO-->
        <Line Name="TOLUCA" Pattern="Broken">LIBRAMIENTO TLC/IGLESIA</Line>
        <!--CONECTORS MMTO-->
        <Line Name="CERRO PERICOS-MMTO" Pattern="Broken">CERRO PERICOS/MMTO</Line>
        <Line Name="XONACATLAN-VILLA ALPINA" Pattern="Broken">XONACATLAN/ZOLOTEPEC/VILLA ALPINA</Line>
        <Line Name="PEGASO-ZOLOTEPEC" Pattern="Broken">PEGASO/ZOLOTEPEC</Line>
        <Line Name="MMTO-SAN NICOLAS" Pattern="Broken">MMTO/SAN NICOLAS</Line>
        <Line Name="MMTO-VERONICA" Pattern="Broken">MMTO/VERONICA</Line>
        <Line Name="MMTO-TECNOLOGICO TLC" Pattern="Broken">MMTO/TECNOLOGICO TLC</Line>

        <Symbol Type="SolidTriangle">
            <Point>AEROPUERTO MMJC</Point>
            <Point>AEROPUERTO MMPC</Point>
            <Point>ATLIXCO</Point>
            <Point>OXTOT</Point>
            <Point>AUTODROMO</Point>
            <Point>BOSQUE REAL</Point>
            <Point>BUENA VISTA</Point>
            <Point>CALPULALPAN</Point>
            <Point>CARACOL</Point>
            <Point>CHAPA DE MOTA</Point>
            <Point>CLUB GOLF BOSQUES</Point>
            <Point>CUAUTLA</Point>
            <Point>CUEMANCO</Point>
            <Point>DURAZNOS</Point>
            <Point>HUAQUECHULA</Point>
            <Point>IXTLAHUACA</Point>
            <Point>LAGO VILLA VICTORIA</Point>
            <Point>LAGUNA OJUELOS</Point>
            <Point>MADIN</Point>
            <Point>MINA DE ECATEPEC</Point>
            <Point>OZUMBA</Point>
            <Point>PABELLON</Point>
            <Point>PASO DE RIO FRIO</Point>
            <Point>PEGASO</Point>
            <Point>PLAZA TOWN</Point>
            <Point>PRESA</Point>
            <Point>RANCHO AZUL</Point>
            <Point>SAN JUAN DEL RIO</Point>
            <Point>SAN MARTIN</Point>
            <Point>SATELITE</Point>
            <Point>TECAMAC</Point>
            <Point>TENANCINGO</Point>
            <Point>TENANGO</Point>
            <Point>TOPILEJO</Point>
            <Point>TRES MARIAS</Point>
            <Point>VILLA ALPINA</Point>
            <Point>YAUTEPEC</Point>
            <Point>ZONA INDUSTRIAL</Point>
        </Symbol>
        <Symbol Type="HollowTriangle">
            <Point>PRESA TAXHIMAY</Point>
            <Point>TEPEJI DEL RIO</Point>
            <Point>CUAUTITLAN</Point>
            <Point>LAGO ZUMPANGO</Point>
            <Point>ARCO NORTE</Point>
            <Point>SANTO DOMINGO</Point>
            <Point>TOLMAN</Point>
            <Point>INVERNADERO SANTA MARIA</Point>
            <Point>SAN LUIS</Point>
            <Point>PIRAMIDES</Point>
            <Point>ENTRONQUE CARRETERA</Point>
            <Point>OJO DE AGUA</Point>
            <Point>POWER CENTER</Point>
            <Point>TLAXCO</Point>
            <Point>JERONIMO</Point>
            <Point>ABASTOS</Point>
            <Point>ACOCOTLA</Point>
            <Point>AJUCHITAN</Point>
            <Point>ALMOLOYA</Point>
            <Point>APIZACO</Point>
            <Point>ARENAL</Point>
            <Point>CACAHUAMILPA</Point>
            <Point>CALIMAYA</Point>
            <Point>CAPILLA</Point>
            <Point>CERRO DE LAS ANTENAS</Point>
            <Point>CERRO LA PAZ</Point>
            <Point>CERRO METEPEC</Point>
            <Point>CERRO PERICOS</Point>
            <Point>CHALCO</Point>
            <Point>CHIMALHUACAN</Point>
            <Point>CHINCONCUAC</Point>
            <Point>CLUB DE GOLF CHAPULTEPEC</Point>
            <Point>CNA</Point>
            <Point>COCA COLA</Point>
            <Point>CONAGUA</Point>
            <Point>COYOTE NEZA</Point>
            <Point>EDIFICIOS ALTITUDE</Point>
            <Point>ENTRONQUE</Point>
            <Point>ESTADIO PBC</Point>
            <Point>ESTADIO TLC</Point>
            <Point>ESTANQUES ACUICULTURA</Point>
            <Point>ESTRELLA</Point>
            <Point>HOTEL MILED</Point>
            <Point>HUEJOTZINGO</Point>
            <Point>HUITZILTEPEC</Point>
            <Point>IGLESIA</Point>
            <Point>INVERNADEROS MIACATLAN</Point>
            <Point>IXTAPAN DE LA SAL</Point>
            <Point>LA VILLA</Point>
            <Point>LAS ESTACAS</Point>
            <Point>LIBRAMIENTO CVA</Point>
            <Point>LIBRAMIENTO TLC</Point>
            <Point>LOBOS</Point>
            <Point>MALINALCO</Point>
            <Point>NEALTICAN</Point>
            <Point>NORTE ABASTOS</Point>
            <Point>OLIMPICO</Point>
            <Point>PANTEON</Point>
            <Point>PARQUE XONACATEPEC</Point>
            <Point>PASO MORELOS</Point>
            <Point>PERISUR</Point>
            <Point>PIRAMIDE DE CHOLULA</Point>
            <Point>PLAZA TEHUACAN</Point>
            <Point>PLAZA TLAXCALA</Point>
            <Point>POETAS</Point>
            <Point>PUENTE SAN JUAN</Point>
            <Point>ROJO GOMEZ</Point>
            <Point>SAN FRANCISCO TOTIMEHUACAN</Point>
            <Point>SAN MIGUEL CANOA</Point>
            <Point>SAN NICOLAS</Point>
            <Point>SANTA CRUZ AJAJALPAN</Point>
            <Point>SUR ABASTOS</Point>
            <Point>TAXCO</Point>
            <Point>TECNOLOGICO CVA</Point>
            <Point>TECNOLOGICO TLC</Point>
            <Point>TEXCOCO</Point>
            <Point>TLACOTEPEC</Point>
            <Point>TLALTENANGO</Point>
            <Point>TLALTIZAPAN</Point>
            <Point>TOLMAN</Point>
            <Point>VALSEQUILLO</Point>
            <Point>VERONICA</Point>
            <Point>VILLA DEL CARBON</Point>
            <Point>VIVEROS CVA</Point>
            <Point>VIVEROS</Point>
            <Point>VOLVO</Point>
            <Point>XOCHICALCO</Point>
            <Point>XONACATLAN</Point>
            <Point>YAUTEPEC</Point>
            <Point>ZARAGOZA</Point>
            <Point>ZOLOTEPEC</Point>
        </Symbol>
    </Map>
    <Map Type="System" Name="Aeropuerto - Volcanes" Priority="1">
        <Line Name="Popocatepetl" Pattern="Solid">
+191117.854-0983612.753/
+191108.044-0983507.234/
+191108.044-0983507.234/
+191051.812-0983403.158/
+191051.812-0983403.158/
+191029.338-0983301.229/
+191029.338-0983301.229/
+191000.867-0983202.123/
+191000.867-0983202.123/
+190926.711-0983106.489/
+190926.711-0983106.489/
+190847.245-0983014.937/
+190847.245-0983014.937/
+190802.900-0982928.030/
+190802.900-0982928.030/
+190714.163-0982846.284/
+190714.163-0982846.284/
+190621.567-0982810.155/
+190621.567-0982810.155/
+190525.690-0982740.039/
+190525.690-0982740.039/
+190427.142-0982716.267/
+190427.142-0982716.267/
+190326.566-0982659.098/
+190326.566-0982659.098/
+190224.625-0982648.720/
+190224.625-0982648.720/
+190121.999-0982645.249/
+190121.999-0982645.249/
+190019.372-0982648.720/
+190019.372-0982648.720/
+185917.431-0982659.098/
+185917.431-0982659.098/
+185816.855-0982716.267/
+185816.855-0982716.267/
+185718.307-0982740.039/
+185718.307-0982740.039/
+185622.430-0982810.155/
+185622.430-0982810.155/
+185529.834-0982846.284/
+185529.834-0982846.284/
+185441.097-0982928.030/
+185441.097-0982928.030/
+185356.752-0983014.937/
+185356.752-0983014.937/
+185317.286-0983106.489/
+185317.286-0983106.489/
+185243.130-0983202.123/
+185243.130-0983202.123/
+185214.659-0983301.229/
+185214.659-0983301.229/
+185152.185-0983403.158/
+185152.185-0983403.158/
+185135.953-0983507.234/
+185135.953-0983507.234/
+185126.143-0983612.753/
+185126.143-0983612.753/
+185122.861-0983718.998/
+185122.861-0983718.998/
+185126.143-0983825.242/
+185126.143-0983825.242/
+185135.953-0983930.761/
+185135.953-0983930.761/
+185152.185-0984034.837/
+185152.185-0984034.837/
+185214.659-0984136.766/
+185214.659-0984136.766/
+185243.130-0984235.872/
+185243.130-0984235.872/
+185317.286-0984331.506/
+185317.286-0984331.506/
+185356.752-0984423.058/
+185356.752-0984423.058/
+185441.097-0984509.965/
+185441.097-0984509.965/
+185529.834-0984551.711/
+185529.834-0984551.711/
+185622.430-0984627.840/
+185622.430-0984627.840/
+185718.307-0984657.956/
+185718.307-0984657.956/
+185816.855-0984721.728/
+185816.855-0984721.728/
+185917.431-0984738.897/
+185917.431-0984738.897/
+190019.372-0984749.275/
+190019.372-0984749.275/
+190121.999-0984752.746/
+190121.999-0984752.746/
+190224.625-0984749.275/
+190224.625-0984749.275/
+190326.566-0984738.897/
+190326.566-0984738.897/
+190427.142-0984721.728/
+190427.142-0984721.728/
+190525.690-0984657.956/
+190525.690-0984657.956/
+190621.567-0984627.840/
+190621.567-0984627.840/
+190714.163-0984551.711/
+190714.163-0984551.711/
+190802.900-0984509.965/
+190802.900-0984509.965/
+190847.245-0984423.058/
+190847.245-0984423.058/
+190926.711-0984331.506/
+190926.711-0984331.506/
+191000.867-0984235.872/
+191000.867-0984235.872/
+191029.338-0984136.766/
+191029.338-0984136.766/
+191051.812-0984034.837/
+191051.812-0984034.837/
+191108.044-0983930.761/
+191108.044-0983930.761/
+191117.854-0983825.242/
+191117.854-0983825.242/
+191121.136-0983718.998/
+191121.136-0983718.998/
+191117.854-0983612.753</Line>
        <Line Name="NevadoToluca" Pattern="Solid">
+191114.327-0994717.252/
+191039.601-0994812.923/
+190959.479-0994900.679/
+190913.155-0994936.535/
+190818.421-0995004.519/
+190718.997-0995020.581/
+190611.824-0995021.570/
+190506.697-0995005.751/
+190408.980-0994939.440/
+190318.664-0994901.842/
+190233.442-0994809.799/
+190203.218-0994710.353/
+190143.396-0994558.780/
+190142.361-0994441.342/
+190154.242-0994330.899/
+190222.093-0994229.791/
+190247.957-0994149.471/
+190325.169-0994111.369/
+190402.442-0994038.052/
+190451.153-0994013.337/
+190544.499-0993956.531/
+190641.773-0993950.840/
+190744.494-0993957.043/
+190842.114-0994016.107/
+190931.613-0994048.083/
+191013.635-0994124.975/
+191052.084-0994216.310/
+191116.939-0994307.065/
+191132.858-0994406.755/
+191138.265-0994510.607/
+191129.426-0994621.873/
+191114.327-0994717.252</Line>
        <Symbol Type="HollowTriangle">
            <Point>+190122.000-0983719.000</Point>
            <Point>+190626.409-0994453.133</Point>
        </Symbol>
    </Map>
    <Map Type="System2" Name="Aeropuerto - Area Terminal (TMA)" Priority="1">
        <Line Name="TMA MMMX" Pattern="Dashed">
+195106.000-0975956.000/
+202530.000-0983746.000/
+202714.000-0993059.000/
+195102.000-1000654.000/
+190053.000-1000843.000/
+182647.000-0993034.000/
+182503.000-0983801.000/
+190057.000-0980146.000/
+195106.000-0975956.000</Line>
    </Map>
    <Map Type="System" Name="Aeropuerto - Minimas de Vectoreo" Priority="1">
        <Line Pattern="Solid" Name="9-1">
+194009.194-0991152.780/
+193858.728-0991316.794/
+193804.660-0991250.375/
+193716.773-0991201.623/
+193708.556-0991108.765/
+193757.072-0991022.428/
+193845.350-0990858.487/
+193859.494-0990651.548/
+193854.696-0990416.832/
+194137.760-0990034.375/
+194224.127-0985844.785/
+194432.023-0985816.342/
+194621.244-0985905.360/
+194756.175-0985848.671/
+194920.615-0985755.366/
+195035.169-0985845.497/
+195022.646-0990038.476/
+195051.509-0990237.741/
+195139.675-0990352.153/
+195116.519-0990513.305/
+194938.578-0990605.172/
+194801.974-0990730.361/
+194154.635-0991056.233/
+194009.194-0991152.780</Line>
        <Line Pattern="Solid" Name="9-2">
+192406.161-0990705.209/
+192257.895-0990724.854/
+192041.918-0990556.399/
+192222.329-0990242.074/
+192632.026-0990027.901/
+192709.051-0985924.350/
+192731.774-0985752.683/
+192958.305-0985517.393/
+193127.680-0985608.963/
+193228.857-0985843.583/
+193048.846-0990051.258/
+192837.180-0990315.301/
+192748.443-0990341.603/
+192651.501-0990447.189/
+192626.699-0990555.061/
+192450.432-0990720.253/
+192406.161-0990705.209</Line>
        <Line Pattern="Solid" Name="100">
+195522.321-0991815.445/
+195833.517-0991321.830/
+195700.966-0991200.013/
+195514.427-0990853.885/
+195416.298-0990524.741/
+195524.315-0990108.850/
+195413.208-0985717.435/
+195421.208-0985606.003/
+195604.582-0985404.830/
+195901.424-0985229.398/
+200017.299-0984817.791/
+200101.153-0984417.394/
+195928.741-0984123.294/
+195800.348-0983910.220/
+195530.088-0983757.556/
+195314.365-0983816.198/
+195016.716-0983926.589/
+194846.022-0983929.884/
+194035.331-0984738.903/
+193608.441-0984755.462/
+192617.941-0985214.419/
+192107.650-0985146.275</Line>
        <Line Pattern="Solid" Name="11-1">
+200237.116-0993119.904/
+200011.163-0993028.284/
+195928.208-0992724.680/
+195848.598-0992511.374/
+195646.913-0992115.367/
+195525.933-0991947.491/
+195415.610-0991917.002/
+195144.918-0991856.852/
+194855.071-0991935.990/
+194520.178-0992230.636/
+194418.516-0992413.504/
+194316.716-0992649.729/
+193925.740-0992632.950/
+193850.158-0992516.506/
+193344.434-0992159.082/
+193314.723-0992033.855/
+193159.796-0991858.958/
+192705.140-0991717.748/
+192250.188-0991656.271/
+192120.895-0991431.578/
+191629.101-0991021.129/
+191458.127-0990949.776/
+191352.541-0990851.720/
+191338.380-0990737.866/
+191348.742-0990507.151/
+191236.120-0990238.028/
+191201.072-0985906.541/
+191236.586-0985706.783/
+191233.705-0985553.782/
+191210.154-0985453.942/
+191354.742-0985330.977/
+191619.806-0985011.253/
+192107.662-0985146.279/
+191432.826-0990359.330/
+191550.288-0990656.940/
+192131.986-0991253.887/
+192337.534-0991254.060/
+192703.711-0991534.686/
+193252.577-0991601.890/
+193429.449-0991741.593/
+193459.220-0992004.834/
+193545.470-0992100.241/
+193652.054-0992053.234/
+193748.876-0991954.546/
+193818.050-0991722.168/
+193817.934-0991507.869/
+193858.723-0991316.808/
+194009.198-0991152.777/
+194154.650-0991056.223/
+194537.838-0991028.995/
+194751.466-0991107.623/
+194911.405-0991213.606/
+195016.514-0991433.804/
+195801.269-0992010.761/
+200036.187-0992235.572/
+200521.983-0992231.955/
+200336.844-0992431.052/
+200303.966-0992557.590/
+200304.805-0992842.285/
+200237.116-0993119.904</Line>
        <Line Pattern="Solid" Name="11-2">
+190647.943-0992932.923/
+190527.552-0992704.864/
+191141.872-0992725.596/
+191740.764-0992918.639/
+193210.879-0993830.719/
+193939.033-0994256.553/
+193308.649-0994816.649/
+193056.411-0994809.975/
+192833.541-0994933.795/
+192040.342-0994927.799/
+191644.250-0994459.058/
+191524.878-0994220.717/
+191306.106-0993754.229/
+190820.214-0993450.595/
+190901.513-0993312.212/
+190828.725-0993124.341/
+190647.943-0992932.923</Line>
        <Line Pattern="Solid" Name="110-3">
+194108.027-0985505.234/
+194056.403-0985546.399/
+194033.435-0985631.837/
+194003.084-0985703.776/
+193929.193-0985724.162/
+193851.398-0985739.067/
+193811.512-0985743.402/
+193728.619-0985739.210/
+193645.512-0985722.899/
+193610.848-0985659.857/
+193544.081-0985626.052/
+193522.363-0985542.051/
+193508.635-0985452.844/
+193454.095-0985319.230/
+193456.390-0985222.634/
+193511.192-0985133.857/
+193535.277-0985058.518/
+193614.073-0985021.353/
+193647.051-0985004.000/
+193723.432-0984950.613/
+193808.579-0984948.153/
+193904.506-0985002.642/
+193946.792-0985025.501/
+194017.915-0985102.237/
+194043.387-0985142.125/
+194057.025-0985236.847/
+194107.755-0985348.907/
+194108.027-0985505.234</Line>
        <Line Pattern="Solid" Name="110-4">
+195759.754-0984453.192/
+195755.917-0984545.028/
+195736.367-0984640.465/
+195708.682-0984723.018/
+195634.117-0984749.393/
+195555.862-0984806.051/
+195517.458-0984814.785/
+195435.403-0984815.670/
+195351.757-0984801.669/
+195312.800-0984740.582/
+195234.716-0984655.710/
+195209.807-0984612.432/
+195155.655-0984518.679/
+195158.610-0984425.964/
+195214.858-0984341.353/
+195239.485-0984259.822/
+195318.372-0984231.028/
+195403.914-0984206.746/
+195452.376-0984157.775/
+195535.305-0984157.309/
+195617.706-0984215.032/
+195647.881-0984234.887/
+195724.868-0984307.182/
+195749.088-0984359.339/
+195759.754-0984453.192</Line>
        <Line Pattern="Solid" Name="112">
+191524.781-0994220.610/
+191507.874-0994143.160/
+191457.517-0994058.018/
+191458.377-0994009.446/
+191507.805-0993929.417/
+191517.414-0993902.404/
+191532.679-0993836.926/
+191552.818-0993811.908/
+191631.755-0993740.203/
+191706.041-0993721.193/
+191747.096-0993713.214/
+191828.522-0993710.003/
+191915.260-0993718.580/
+191955.485-0993740.186/
+192033.202-0993812.490/
+192059.443-0993848.743/
+192117.301-0993929.302/
+192127.288-0994019.957/
+192124.531-0994106.227/
+192110.278-0994200.529/
+192045.557-0994243.114/
+192018.413-0994311.929/
+191945.638-0994337.280/
+191905.320-0994355.647/
+191818.868-0994401.093/
+191749.018-0994401.140/
+191713.352-0994354.240/
+191639.550-0994339.170/
+191609.967-0994319.829/
+191544.307-0994251.451/
+191524.781-0994220.610</Line>
        <Line Pattern="Solid" Name="113">
+193708.564-0991108.795/
+193527.825-0991151.226/
+193340.426-0991119.840/
+193120.470-0991122.424/
+192846.319-0990928.578/
+192839.606-0990643.027/
+193005.888-0990506.542/
+193144.589-0990435.975/
+193159.102-0990325.295/
+193240.819-0990239.434/
+193347.567-0990150.309/
+193500.882-0990141.076/
+193656.335-0990200.132/
+193804.033-0990241.692/
+193854.696-0990416.831</Line>
        <Line Pattern="Solid" Name="115">
+194839.081-0985135.540/
+194531.985-0985255.135/
+194443.839-0985301.496/
+194359.856-0985249.878/
+194316.790-0985226.914/
+194243.205-0985200.778/
+194220.150-0985127.272/
+194202.012-0985046.514/
+194152.749-0985000.212/
+194156.397-0984914.240/
+194204.087-0984834.742/
+194221.926-0984758.011/
+194246.075-0984728.896/
+194325.982-0984702.427/
+194629.148-0984547.014/
+194707.733-0984540.229/
+194744.851-0984544.804/
+194821.512-0984554.755/
+194852.689-0984611.385/
+194924.080-0984639.346/
+194950.492-0984710.996/
+195007.639-0984750.405/
+195013.356-0984832.297/
+195013.165-0984915.361/
+195007.726-0984955.121/
+194955.284-0985030.302/
+194924.343-0985106.916/
+194839.081-0985135.540</Line>
        <Line Pattern="Solid" Name="130-1">
+191054.656-1000238.583/
+190107.396-0995610.632/
+185930.588-0995417.380/
+185757.839-0994326.481/
+190028.767-0993556.275/
+190010.695-0993325.384/
+190127.856-0993052.912/
+190505.132-0992906.814/
+190647.951-0992932.938/
+190828.726-0993124.343/
+190901.512-0993312.221/
+190732.577-0993644.056/
+190620.262-0993751.109/
+190116.249-0993930.312/
+185944.955-0994110.880/
+185901.718-0994419.791/
+190059.358-0995019.564/
+190322.730-0995419.909/
+191143.563-0995816.874/
+191847.331-0995845.324/
+191748.769-1000141.150/
+191054.656-1000238.583</Line>
        <Line Pattern="Solid" Name="130-2">
+185802.735-0991900.120/
+185918.873-0991639.955/
+190022.307-0991238.731/
+185958.865-0990714.799/
+185957.553-0990126.029/
+190243.146-0985423.212/
+190430.870-0985336.768/
+190903.177-0985326.493/
+191058.415-0985325.767/
+191210.157-0985453.941</Line>
        <Line Pattern="Solid" Name="135-1">
+193246.694-0980037.744/
+193254.675-0980424.487/
+193901.839-0981528.574/
+194312.310-0981517.664/
+194600.283-0980012.345</Line>
        <Line Pattern="Solid" Name="140-1">
+190527.553-0992704.863/
+190000.636-0992432.610/
+185843.905-0992334.364/
+185744.996-0992050.427/
+185802.739-0991900.120/
+190412.547-0991244.536/
+190211.402-0990951.834/
+190143.838-0990140.662/
+190255.304-0985709.949/
+190617.214-0985517.206/
+190915.192-0985627.071/
+191040.750-0985807.994/
+191051.675-0990045.041/
+191252.113-0990602.208/
+191238.504-0991005.832/
+191952.917-0991451.962/
+192114.406-0991639.551/
+192120.401-0991729.497/
+192350.960-0991920.149/
+192620.738-0991834.853/
+192809.788-0991907.556/
+192905.501-0991944.091/
+192943.021-0992045.679/
+193103.890-0992130.202/
+193342.091-0992432.907/
+193602.496-0992527.130/
+193719.949-0992618.656/
+193807.233-0992448.774/
+193850.157-0992516.506/
+193925.740-0992632.951/
+194209.744-0993247.189/
+194040.552-0993646.335/
+193255.373-0993729.561/
+192209.870-0992824.871/
+191317.172-0992601.521/
+190527.553-0992704.863</Line>
        <Line Pattern="Solid" Name="140-2">
+193129.257-0984758.200/
+192643.002-0985104.938/
+192539.005-0985112.773/
+191958.242-0984957.121/
+191404.646-0984802.842/
+185703.663-0984822.870/
+185107.104-0984210.090/
+185101.853-0983818.385/
+185546.670-0983058.469/
+190020.595-0982800.435/
+191045.548-0982742.249/
+191825.724-0983039.046/
+192853.192-0983039.242/
+193356.044-0983319.236/
+193418.662-0984047.257/
+193250.543-0984621.739/
+193129.257-0984758.200</Line>
        <Line Pattern="Solid" Name="145">
+193705.189-0993002.432/
+193702.143-0993115.633/
+193645.817-0993216.620/
+193616.956-0993309.032/
+193543.753-0993347.611/
+193502.896-0993421.191/
+193422.189-0993437.123/
+193338.444-0993451.060/
+193255.194-0993453.850/
+193205.274-0993449.092/
+193116.514-0993433.878/
+193025.535-0993401.303/
+192943.016-0993324.421/
+192914.824-0993240.348/
+192848.256-0993123.031/
+192844.565-0993018.780/
+192851.283-0992920.207/
+192911.803-0992823.597/
+192951.598-0992726.660/
+193039.892-0992645.651/
+193146.952-0992616.009/
+193256.408-0992608.248/
+193352.936-0992610.938/
+193443.532-0992631.278/
+193527.343-0992658.317/
+193600.879-0992729.191/
+193626.992-0992810.435/
+193649.727-0992856.129/
+193705.189-0993002.432</Line>
        <Line Pattern="Solid" Name="150-1">
+194703.111-0994908.287/
+194611.838-0994942.704/
+194506.712-0994959.246/
+194405.950-0995001.989/
+194301.302-0994946.485/
+194157.130-0994918.708/
+194109.896-0994832.259/
+194024.318-0994729.069/
+194006.319-0994645.077/
+193954.318-0994550.117/
+193952.705-0994440.492/
+194001.301-0994353.925/
+194018.063-0994307.745/
+194034.999-0994235.422/
+194058.306-0994200.490/
+194123.910-0994133.220/
+194155.245-0994108.424/
+194231.943-0994043.602/
+194313.159-0994027.044/
+194359.645-0994020.489/
+194450.624-0994021.738/
+194540.230-0994028.118/
+194628.070-0994046.895/
+194718.733-0994124.958/
+194751.524-0994154.426/
+194841.846-0994322.484/
+194900.725-0994443.273/
+194858.720-0994605.505/
+194837.705-0994713.584/
+194801.979-0994816.326/
+194703.111-0994908.287</Line>
        <Line Pattern="Solid" Name="150-2">
+190620.265-0993751.100/
+190911.963-0993808.224/
+191259.004-0994122.668/
+191456.315-0994643.154/
+191831.625-0994825.309/
+191937.173-0995015.370/
+191943.569-0995606.102/
+191847.327-0995845.328</Line>
        <Line Pattern="Solid" Name="150-3">
+191658.181-0992408.379/
+190724.466-0992506.126/
+190102.968-0992415.558/
+185930.932-0992139.529/
+190009.184-0991847.169/
+190454.413-0991554.116/
+190657.198-0991528.935/
+191200.574-0991118.155/
+191344.872-0991125.246/
+191923.474-0991707.353/
+191953.607-0992025.865/
+191747.624-0992336.675/
+191658.181-0992408.379</Line>
        <Line Pattern="Solid" Name="160">
+192953.821-0984549.906/
+192709.599-0984800.069/
+192351.134-0984839.602/
+192030.121-0984801.206/
+191348.154-0984540.830/
+190933.700-0984516.897/
+190701.936-0984628.207/
+190044.597-0984640.310/
+185825.865-0984610.304/
+185556.598-0984426.068/
+185428.748-0984118.164/
+185404.725-0983633.708/
+185626.086-0983230.341/
+190045.758-0982955.953/
+191314.782-0983022.131/
+191611.972-0983117.418/
+192806.500-0983702.747/
+193025.337-0983837.538/
+193106.514-0984028.650/
+193110.258-0984341.357/
+192953.821-0984549.906</Line>
        <Line Pattern="Solid" Name="17-1">
+190600.140-0980153.230/
+190603.840-0980224.218/
+190607.695-0980255.061/
+190613.500-0980325.566/
+190621.229-0980355.595/
+190630.847-0980425.014/
+190642.310-0980453.692/
+190655.569-0980521.502/
+190710.564-0980548.319/
+190727.227-0980614.023/
+190745.485-0980638.499/
+190805.256-0980701.639/
+190826.451-0980723.338/
+190848.977-0980743.500/
+190912.733-0980802.034/
+190937.612-0980818.858/
+191003.503-0980833.896/
+191030.291-0980847.081/
+191057.857-0980858.354/
+191126.076-0980907.664/
+191154.823-0980914.968/
+191223.970-0980920.235/
+191253.386-0980923.441/
+191322.939-0980924.570/
+191352.498-0980923.617/
+191421.931-0980920.587/
+191451.105-0980915.492/
+191519.891-0980908.356/
+191548.159-0980859.209/
+191615.784-0980848.092/
+191642.640-0980835.055/
+191708.610-0980820.156/
+191733.575-0980803.462/
+191757.424-0980745.046/
+191820.052-0980724.991/
+191841.355-0980703.387/
+191901.239-0980640.331/
+191919.615-0980615.924/
+191936.401-0980550.277/
+191951.521-0980523.505/
+192004.908-0980455.726/
+192016.501-0980427.066/
+192026.249-0980357.654/
+192034.108-0980327.619/
+192040.043-0980257.098/
+192044.027-0980226.227/
+192046.043-0980155.144/
+192044.270-0980124.050</Line>
        <Line Pattern="Solid" Name="173">
+191114.327-0994717.252/
+191039.601-0994812.923/
+190959.479-0994900.679/
+190913.155-0994936.535/
+190818.421-0995004.519/
+190718.997-0995020.581/
+190611.824-0995021.570/
+190506.697-0995005.751/
+190408.980-0994939.440/
+190318.664-0994901.842/
+190233.442-0994809.799/
+190203.218-0994710.353/
+190143.396-0994558.780/
+190142.361-0994441.342/
+190154.242-0994330.899/
+190222.093-0994229.791/
+190247.957-0994149.471/
+190325.169-0994111.369/
+190402.442-0994038.052/
+190451.153-0994013.337/
+190544.499-0993956.531/
+190641.773-0993950.840/
+190744.494-0993957.043/
+190842.114-0994016.107/
+190931.613-0994048.083/
+191013.635-0994124.975/
+191052.084-0994216.310/
+191116.939-0994307.065/
+191132.858-0994406.755/
+191138.265-0994510.607/
+191129.426-0994621.873/
+191114.327-0994717.252</Line>
        <Line Pattern="Solid" Name="200">
+191628.523-0983920.481/
+191613.467-0984020.254/
+191550.735-0984108.017/
+191527.046-0984141.475/
+191451.233-0984217.342/
+191410.480-0984242.569/
+191327.574-0984301.396/
+191250.544-0984309.353/
+190350.997-0984435.406/
+190105.367-0984436.016/
+185952.837-0984420.975/
+185846.998-0984359.315/
+185751.756-0984321.578/
+185703.909-0984238.649/
+185625.402-0984145.439/
+185552.296-0984049.960/
+185531.474-0983955.659/
+185518.750-0983857.583/
+185517.560-0983757.092/
+185521.186-0983659.375/
+185532.228-0983557.887/
+185557.513-0983453.193/
+185634.489-0983353.992/
+185709.709-0983309.232/
+185755.293-0983231.440/
+185851.140-0983155.565/
+190012.346-0983126.313/
+190126.289-0983114.126/
+190252.282-0983110.741/
+191331.910-0983427.741/
+191436.987-0983500.405/
+191527.053-0983545.090/
+191600.245-0983633.755/
+191621.610-0983724.491/
+191630.440-0983824.499/
+191628.523-0983920.481</Line>
    </Map>
    <Map Type="System" Name="Aeropuerto - Minimas de Vectoreo (Etiquetas)" Priority="0">
        <Label HasLeader="false">
            <Point Name="090">+192850.3673-0985809.2578</Point>
            <Point Name="090">+194330.0288-0990525.6073</Point>
            <Point Name="100">+195302.5470-0990154.1205</Point>
            <Point Name="100">+191949.7095-0985822.1942</Point>
            <Point Name="110">+195509.3018-0984512.9639</Point>
            <Point Name="110">+194328.9027-0991950.4511</Point>
            <Point Name="110">+193807.8548-0985338.5822</Point>
            <Point Name="110">+191324.9065-0993238.8623</Point>
            <Point Name="110">+191539.5302-0985625.4370</Point>
            <Point Name="112">+191803.3893-0994041.2994</Point>
            <Point Name="113">+193343.5100-0990800.3000</Point>
            <Point Name="120">+201139.7055-0990424.7705</Point>
            <Point Name="120">+192319.0608-0981944.9854</Point>
            <Point Name="120">+183916.6910-0990027.1362</Point>
            <Point Name="120">+191008.9653-0985158.1946</Point>
            <Point Name="120">+192900.7837-1000030.1849</Point>
            <Point Name="120">+192219.6591-0993107.5110</Point>
            <Point Name="130">+191055.8975-0985651.7493</Point>
            <Point Name="130">+190133.0267-0991251.3776</Point>
            <Point Name="130">+193137.4556-0992122.2418</Point>
            <Point Name="130">+190420.3416-0993513.3575</Point>
            <Point Name="130">+191137.6662-1000115.5310</Point>
            <Point Name="135">+193945.6331-0980711.7627</Point>
            <Point Name="140">+193203.3833-0983641.0284</Point>
            <Point Name="140">+192542.9268-0992630.5182</Point>
            <Point Name="140">+190635.9953-0990547.6349</Point>
            <Point Name="145">+193249.5328-0993031.3660</Point>
            <Point Name="150">+194432.9668-0994519.9402</Point>
            <Point Name="150">+191136.8079-0992031.7871</Point>
            <Point Name="150">+191412.1957-0995428.5700</Point>
            <Point Name="160">+192257.1500-0984233.6346</Point>
            <Point Name="170">+191327.9552-0980518.3289</Point>
            <Point Name="173">+190628.5246-0994530.3772</Point>
            <Point Name="200">+190026.6144-0983829.1339</Point>
        </Label>
    </Map>
    <Map Type="System" Name="Aeropuerto - Corredor Satélite" Priority="1">
        <Line Name="T70">CALIZ.T70.RIBIS</Line>
        <Line Name="T80">CALIZ.T80.RIBIS</Line>
        <Symbol Type="HollowStar">
            <Point>ATUKA</Point>
            <Point>CALIZ</Point>
            <Point>DASKA</Point>
            <Point>ILONO</Point>
            <Point>LOBRA</Point>
            <Point>OTIVO</Point>
            <Point>OVISO</Point>
            <Point>RIBIS</Point>
            <Point>SIKMO</Point>
            <Point>TAKAL</Point>
            <Point>ULEGO</Point>
            <Point>URMAS</Point>
        </Symbol>
    </Map>
    <Map Type="System" Name="Aeropuerto - Corredor Satélite (Nombres)" Priority="1">
        <Label HasLeader="false">
            <Point>ATUKA</Point>
            <Point>CALIZ</Point>
            <Point>DASKA</Point>
            <Point>ILONO</Point>
            <Point>LOBRA</Point>
            <Point>OTIVO</Point>
            <Point>OVISO</Point>
            <Point>RIBIS</Point>
            <Point>SIKMO</Point>
            <Point>TAKAL</Point>
            <Point>ULEGO</Point>
            <Point>URMAS</Point>
        </Label>
    </Map>
    <Map Type="System" Name="MMCB - Zona de Control (CTR)" Priority="1">
        <Line Pattern="Dashed">
+190500.749-0991435.491/
+190456.239-0991346.007/
+190449.285-0991256.841/
+190439.905-0991208.126/
+190428.124-0991119.997/
+190413.976-0991032.586/
+190357.498-0990946.021/
+190338.737-0990900.432/
+190317.743-0990815.943/
+190254.574-0990732.675/
+190229.294-0990650.748/
+190201.972-0990610.276/
+190132.682-0990531.371/
+190101.506-0990454.139/
+190028.527-0990418.681/
+185953.838-0990345.096/
+185917.533-0990313.475/
+185839.711-0990243.905/
+185800.476-0990216.467/
+185719.936-0990151.236/
+185638.202-0990128.281/
+185555.388-0990107.666/
+185511.611-0990049.446/
+185426.992-0990033.672/
+185341.653-0990020.387/
+185255.718-0990009.627/
+185209.312-0990001.422/
+185122.564-0985955.795/
+185035.602-0985952.760/
+184948.553-0985952.326/
+184901.547-0985954.494/
+184814.713-0985959.259/
+184728.180-0990006.607/
+184642.074-0990016.518/
+184556.522-0990028.965/
+184511.649-0990043.914/
+184427.578-0990101.324/
+184344.430-0990121.146/
+184302.323-0990143.328/
+184221.372-0990207.808/
+184141.690-0990234.518/
+184103.386-0990303.386/
+184026.564-0990334.333/
+183951.325-0990407.273/
+183917.766-0990442.117/
+183845.979-0990518.769/
+183816.052-0990557.129/
+183748.065-0990637.090/
+183722.096-0990718.545/
+183658.216-0990801.378/
+183636.491-0990845.474/
+183616.979-0990930.710/
+183559.735-0991016.964/
+183544.806-0991104.107/
+183532.232-0991152.012/
+183522.048-0991240.546/
+183514.283-0991329.576/
+183508.957-0991418.969/
+183506.084-0991508.589/
+183505.674-0991558.299/
+183507.726-0991647.964/
+183512.236-0991737.448/
+183519.190-0991826.614/
+183528.570-0991915.329/
+183540.351-0992003.458/
+183554.499-0992050.869/
+183610.977-0992137.434/
+183629.738-0992223.023/
+183650.732-0992307.512/
+183713.901-0992350.780/
+183739.181-0992432.707/
+183806.503-0992513.179/
+183835.793-0992552.084/
+183906.969-0992629.316/
+183939.948-0992704.774/
+184014.637-0992738.359/
+184050.942-0992809.980/
+184128.764-0992839.550/
+184207.999-0992906.988/
+184248.539-0992932.219/
+184330.273-0992955.174/
+184413.087-0993015.789/
+184456.864-0993034.009/
+184541.483-0993049.783/
+184626.822-0993103.068/
+184712.757-0993113.828/
+184759.163-0993122.033/
+184845.911-0993127.660/
+184932.873-0993130.695/
+185019.922-0993131.129/
+185106.928-0993128.961/
+185153.762-0993124.196/
+185240.295-0993116.848/
+185326.401-0993106.937/
+185411.953-0993054.490/
+185456.826-0993039.541/
+185540.897-0993022.131/
+185624.045-0993002.309/
+185706.152-0992940.127/
+185747.103-0992915.647/
+185826.785-0992848.937/
+185905.089-0992820.069/
+185941.911-0992749.122/
+190017.150-0992716.182/
+190050.709-0992641.338/
+190122.496-0992604.686/
+190152.423-0992526.326/
+190220.410-0992446.365/
+190246.379-0992404.910/
+190310.259-0992322.077/
+190331.984-0992237.981/
+190351.496-0992152.745/
+190408.740-0992106.491/
+190423.669-0992019.348/
+190436.243-0991931.443/
+190446.427-0991842.909/
+190454.192-0991753.879/
+190459.518-0991704.486/
+190502.391-0991614.866/
+190502.801-0991525.156/
+190500.749-0991435.491</Line>
    </Map>
    <Map Type="System" Name="MMJC - Zona de Transito de Aerodromo (ATZ)" Priority="1">
        <Line Pattern="Dashed">
+192929.000-0991657.000/
+192929.947-0991709.002/
+192929.810-0991725.648/
+192930.494-0991742.278/
+192931.998-0991758.847/
+192934.316-0991815.310/
+192937.443-0991831.622/
+192941.370-0991847.738/
+192946.086-0991903.613/
+192951.578-0991919.205/
+192957.832-0991934.471/
+193004.831-0991949.368/
+193012.554-0992003.856/
+193020.981-0992017.895/
+193030.088-0992031.447/
+193039.852-0992044.474/
+193050.244-0992056.941/
+193101.237-0992108.814/
+193112.801-0992120.060/
+193124.903-0992130.648/
+193137.510-0992140.549/
+193150.589-0992149.737/
+193204.103-0992158.185/
+193218.014-0992205.872/
+193232.286-0992212.775/
+193246.879-0992218.875/
+193301.752-0992224.157/
+193316.866-0992228.606/
+193332.178-0992232.209/
+193347.647-0992234.956/
+193403.230-0992236.840/
+193418.884-0992237.857/
+193434.568-0992238.002/
+193450.237-0992237.276/
+193505.849-0992235.680/
+193521.360-0992233.220/
+193536.729-0992229.901/
+193551.914-0992225.733/
+193606.872-0992220.728/
+193621.562-0992214.898/
+193635.945-0992208.261/
+193649.981-0992200.833/
+193703.632-0992152.636/
+193716.860-0992143.692/
+193729.628-0992134.026/
+193741.903-0992123.664/
+193753.649-0992112.634/
+193804.836-0992100.966/
+193815.432-0992048.694/
+193825.408-0992035.849/
+193834.737-0992022.468/
+193843.393-0992008.587/
+193851.354-0991954.245/
+193858.596-0991939.479/
+193905.100-0991924.332/
+193910.848-0991908.844/
+193915.824-0991853.059/
+193920.016-0991837.018/
+193923.410-0991820.767/
+193925.999-0991804.349/
+193927.774-0991747.810/
+193928.732-0991731.195/
+193931.000-0991708.000/
+193404.000-0991420.000/
+192929.000-0991657.000</Line>
    </Map>
    <Map Type="System" Name="MMMX - Zona de Control (CTR)" Priority="1">
        <Line Pattern="Dashed">
+192426.000-0992240.000/
+193423.000-0991002.000/
+193935.000-0984556.000/
+192334.000-0984841.000/
+192333.999-0984840.999/
+192247.317-0984855.608/
+192201.765-0984908.101/
+192116.891-0984923.104/
+192032.819-0984940.578/
+191949.670-0985000.473/
+191907.562-0985022.736/
+191826.610-0985047.306/
+191746.927-0985114.114/
+191708.622-0985143.088/
+191631.799-0985214.149/
+191556.560-0985247.210/
+191523.000-0985322.182/
+191451.213-0985358.968/
+191421.284-0985437.469/
+191353.297-0985517.577/
+191327.327-0985559.184/
+191303.447-0985642.175/
+191241.721-0985726.432/
+191222.209-0985811.834/
+191204.965-0985858.257/
+191150.035-0985945.574/
+191137.461-0990033.654/
+191127.277-0990122.366/
+191119.512-0990211.577/
+191114.185-0990301.151/
+191111.313-0990350.953/
+191110.902-0990440.846/
+191112.954-0990530.694/
+191117.464-0990620.359/
+191124.419-0990709.706/
+191133.799-0990758.599/
+191145.580-0990846.905/
+191159.729-0990934.490/
+191216.207-0991021.225/
+191234.968-0991106.982/
+191255.963-0991151.635/
+191319.132-0991235.061/
+191344.413-0991317.142/
+191411.736-0991357.762/
+191441.026-0991436.811/
+191512.203-0991514.180/
+191545.182-0991549.767/
+191619.872-0991623.476/
+191656.178-0991655.213/
+191734.001-0991724.891/
+191813.236-0991752.430/
+191853.777-0991817.754/
+191935.512-0991840.793/
+192018.328-0991901.484/
+192052.999-0991909.999/
+192053.000-0991910.000/
+192426.000-0992240.000</Line>
    </Map>
    <Map Type="System" Name="MMSM - Zona de Control (CTR)" Priority="1">
        <Line Pattern="Dashed">
+192426.000-0992240.000/
+193335.000-0992716.000/
+195249.000-0991417.000/
+195341.569-0991335.794/
+195418.392-0991304.674/
+195453.632-0991231.548/
+195527.192-0991156.509/
+195558.980-0991119.652/
+195628.909-0991041.077/
+195656.896-0991000.891/
+195722.866-0990919.204/
+195746.747-0990836.131/
+195808.473-0990751.788/
+195827.985-0990706.298/
+195845.230-0990619.785/
+195900.160-0990532.377/
+195912.734-0990444.204/
+195922.918-0990355.398/
+195930.684-0990306.092/
+195936.010-0990216.422/
+195938.883-0990126.524/
+195939.293-0990036.535/
+195937.241-0985946.591/
+195932.731-0985856.830/
+195925.776-0985807.388/
+195916.396-0985718.400/
+195904.615-0985630.001/
+195850.466-0985542.324/
+195833.988-0985455.498/
+195815.226-0985409.653/
+195754.231-0985324.914/
+195731.062-0985241.404/
+195705.781-0985159.242/
+195638.458-0985118.543/
+195609.167-0985039.420/
+195537.989-0985001.979/
+195505.010-0984926.322/
+195430.320-0984852.549/
+195354.013-0984820.750/
+195316.190-0984751.014/
+195236.954-0984723.422/
+195156.413-0984658.050/
+195114.677-0984634.966/
+195031.861-0984614.235/
+194948.083-0984555.914/
+194903.463-0984540.051/
+194818.122-0984526.692/
+194732.185-0984515.871/
+194645.779-0984507.620/
+194559.029-0984501.961/
+194512.065-0984458.909/
+194425.014-0984458.473/
+194338.007-0984500.654/
+194251.172-0984505.445/
+194204.637-0984512.834/
+194118.529-0984522.801/
+194032.976-0984535.318/
+193935.000-0984556.000/
+193423.000-0991002.000/
+192426.000-0992240.000</Line>
    </Map>
    <Map Type="System" Name="MMPC - Zona de Transito de Aerodromo (ATZ)" Priority="1">
        <Line Pattern="Dashed">
+200009.000-0984833.000/
+200005.822-0984819.123/
+200002.287-0984804.573/
+195959.473-0984749.846/
+195957.387-0984734.982/
+195956.034-0984720.023/
+195955.418-0984705.008/
+195955.541-0984649.980/
+195956.403-0984634.979/
+195958.001-0984620.047/
+200000.331-0984605.225/
+200003.386-0984550.552/
+200007.158-0984536.070/
+200011.637-0984521.818/
+200016.811-0984507.835/
+200022.664-0984454.159/
+200029.182-0984440.828/
+200036.347-0984427.879/
+200044.138-0984415.347/
+200052.534-0984403.266/
+200101.513-0984351.669/
+200111.049-0984340.589/
+200121.117-0984330.055/
+200131.690-0984320.097/
+200142.737-0984310.741/
+200154.229-0984302.014/
+200206.134-0984253.939/
+200218.419-0984246.538/
+200231.052-0984239.833/
+200248.000-0984232.000/
+200449.000-0984503.000/
+200009.000-0984833.000</Line>
    </Map>
    <Map Type="System" Name="MMPB - Zona de Control (CTR)" Priority="1">
        <Line Pattern="Dashed">
+190751.000-0982915.000/
+192408.000-0982915.000/
+192430.111-0982804.500/
+192446.035-0982714.115/
+192459.447-0982622.917/
+192510.310-0982531.046/
+192518.593-0982438.644/
+192524.275-0982345.855/
+192527.339-0982252.824/
+192527.777-0982159.695/
+192525.588-0982106.615/
+192520.777-0982013.730/
+192513.359-0981921.183/
+192503.353-0981829.119/
+192450.787-0981737.681/
+192435.695-0981647.009/
+192418.119-0981557.244/
+192358.107-0981508.520/
+192335.713-0981420.972/
+192311.000-0981334.729/
+192244.034-0981249.919/
+192214.890-0981206.665/
+192143.647-0981125.085/
+192110.392-0981045.292/
+192035.215-0981007.397/
+191958.212-0980931.503/
+191919.486-0980857.708/
+191839.142-0980826.104/
+191757.291-0980756.780/
+191714.048-0980729.814/
+191629.531-0980705.281/
+191543.862-0980643.248/
+191457.167-0980623.776/
+191409.572-0980606.917/
+191321.210-0980552.719/
+191232.212-0980541.219/
+191142.712-0980532.450/
+191052.847-0980526.436/
+191002.753-0980523.192/
+190912.567-0980522.729/
+190822.427-0980525.046/
+190732.470-0980530.138/
+190642.834-0980537.992/
+190553.654-0980548.584/
+190505.065-0980601.887/
+190417.200-0980617.864/
+190330.190-0980636.470/
+190244.165-0980657.656/
+190159.250-0980721.363/
+190115.569-0980747.525/
+190033.241-0980816.072/
+185952.382-0980846.925/
+185913.105-0980920.000/
+185835.517-0980955.205/
+185759.720-0981032.445/
+185725.814-0981111.617/
+185653.890-0981152.613/
+185624.038-0981235.323/
+185556.337-0981319.627/
+185530.865-0981405.406/
+185507.691-0981452.533/
+185446.878-0981540.880/
+185428.484-0981630.313/
+185412.560-0981720.698/
+185359.148-0981811.896/
+185348.285-0981903.767/
+185340.002-0981956.169/
+185334.320-0982048.958/
+185331.256-0982141.989/
+185330.818-0982235.118/
+185333.007-0982328.198/
+185337.818-0982421.083/
+185345.236-0982513.630/
+185355.242-0982605.694/
+185407.808-0982657.132/
+185422.900-0982747.804/
+185440.476-0982837.569/
+185452.000-0982917.000/
+185452.000-0982917.000/
+185521.428-0982852.864/
+185546.965-0982833.597/
+185613.420-0982815.770/
+185640.720-0982759.432/
+185708.792-0982744.627/
+185737.558-0982731.397/
+185806.938-0982719.777/
+185836.854-0982709.800/
+185907.222-0982701.493/
+185937.959-0982654.878/
+190008.982-0982649.974/
+190040.205-0982646.794/
+190111.542-0982645.346/
+190142.908-0982645.636/
+190214.217-0982647.661/
+190245.382-0982651.417/
+190316.319-0982656.894/
+190346.943-0982704.075/
+190417.169-0982712.942/
+190446.916-0982723.469/
+190516.100-0982735.630/
+190544.643-0982749.389/
+190612.466-0982804.709/
+190639.493-0982821.549/
+190705.650-0982839.862/
+190730.865-0982859.598/
+190752.376-0982915.203/
+190751.000-0982915.000</Line>
    </Map>
    <Map Type="System" Name="MMTO - Zona de Control (CTR)" Priority="1">
        <Line Pattern="Dashed">
+192426.000-0992240.000/
+192053.000-0991910.000/
+191958.870-0991908.912/
+191914.998-0991910.942/
+191831.285-0991915.403/
+191747.853-0991922.282/
+191704.820-0991931.560/
+191622.304-0991943.213/
+191540.422-0991957.208/
+191459.289-0992013.507/
+191419.016-0992032.064/
+191339.716-0992052.831/
+191301.494-0992115.748/
+191224.457-0992140.754/
+191148.706-0992207.780/
+191114.338-0992236.752/
+191041.448-0992307.590/
+191010.125-0992340.211/
+190940.457-0992414.524/
+190912.524-0992450.435/
+190846.403-0992527.847/
+190822.165-0992606.656/
+190759.876-0992646.756/
+190739.599-0992728.038/
+190721.388-0992810.388/
+190705.293-0992853.690/
+190651.359-0992937.825/
+190639.623-0993022.672/
+190630.118-0993108.109/
+190622.870-0993154.011/
+190617.899-0993240.252/
+190615.218-0993326.705/
+190614.835-0993413.244/
+190616.750-0993459.740/
+190620.959-0993546.066/
+190627.450-0993632.095/
+190636.205-0993717.700/
+190647.201-0993802.758/
+190700.406-0993847.144/
+190715.785-0993930.737/
+190733.296-0994013.417/
+190752.891-0994055.068/
+190814.515-0994135.574/
+190838.111-0994214.826/
+190903.612-0994252.715/
+190930.949-0994329.138/
+191000.048-0994403.994/
+191030.828-0994437.189/
+191103.206-0994508.631/
+191137.091-0994538.234/
+191212.392-0994605.917/
+191249.012-0994631.604/
+191326.850-0994655.225/
+191405.803-0994716.715/
+191445.763-0994736.015/
+191526.622-0994753.072/
+191608.267-0994807.840/
+191650.585-0994820.277/
+191733.458-0994830.350/
+191816.771-0994838.031/
+191900.403-0994843.300/
+191944.236-0994846.141/
+192028.149-0994846.547/
+192112.021-0994844.517/
+192155.734-0994840.056/
+192239.166-0994833.177/
+192322.199-0994823.899/
+192404.715-0994812.246/
+192446.597-0994758.251/
+192527.730-0994741.952/
+192608.003-0994723.395/
+192647.303-0994702.628/
+192725.525-0994639.711/
+192802.562-0994614.705/
+192838.313-0994547.679/
+192912.681-0994518.707/
+192945.571-0994447.869/
+193016.894-0994415.248/
+193046.562-0994340.935/
+193114.495-0994305.024/
+193140.616-0994227.612/
+193204.854-0994148.803/
+193227.143-0994108.703/
+193247.420-0994027.421/
+193305.631-0993945.071/
+193321.726-0993901.769/
+193335.660-0993817.634/
+193347.396-0993732.787/
+193356.901-0993647.350/
+193404.149-0993601.448/
+193409.120-0993515.207/
+193411.801-0993428.754/
+193412.184-0993342.215/
+193410.269-0993255.719/
+193410.000-0993206.000/
+193335.000-0992716.000/
+192426.000-0992240.000</Line>
    </Map>
    <Map Type="System2" Name="Aeropuerto - Sector Aproximación Puebla" Priority="1">
        <Line Pattern="Dashed">
+194148.336-0980016.875/
+194231.895-0982131.272/
+193151.871-0982143.916/
+192235.390-0982850.251/
+190937.844-0982913.156/
+190919.825-0982825.583/
+190129.244-0982504.032/
+185334.588-0982849.516/
+185214.633-0983219.500/
+184622.558-0983802.254/
+183617.148-0982642.906</Line>
    </Map>
    <Map Type="System2" Name="Aeropuerto - Sector Aproximación Toluca" Priority="1">
        <Line Pattern="Dashed">
+200501.859-0995303.875/
+194930.056-0994422.019/
+194704.890-0993929.897/
+194254.196-0993527.196/
+193202.238-0993043.083/
+190218.898-0991705.110/
+185905.241-0992314.165/
+184703.305-0995310.906</Line>
    </Map>
    <Map Type="System2" Name="Aeropuerto - Sector Aproximación Lucia 04" Priority="1">
        <Line Name="MMSM_APP_05S_01" Pattern="Dashed">
+200928.853-0985657.910/
+201349.917-0990124.022/
+201634.385-0990855.109/
+201651.782-0991357.929/
+201647.000-0991810.000/
+201638.272-0991834.944/
+201444.547-0992301.277/
+201255.761-0992716.340/
+201058.849-0992947.967/
+201751.643-0994016.955/
+202714.000-0993059.000/
+202657.248-0992224.686/
+202653.938-0992043.057/
+201414.761-0985712.339/
+200928.853-0985657.910</Line>
        <Line Name="MMSM_APP_05S_02" Pattern="Dashed">
+195704.856-0991739.502/
+201058.849-0992947.967/
+201255.761-0992716.340/
+201444.547-0992301.277/
+201638.272-0991834.944/
+201647.000-0991810.000/
+201651.782-0991357.929/
+201634.385-0990855.109/
+201349.917-0990124.022/
+200928.853-0985657.910/
+200732.352-0985542.662/
+200426.639-0985536.537/
+195641.373-0990445.364/
+195704.856-0991739.502</Line>
        <Line Name="MMSM_APP_05S_03" Pattern="Dashed">
+195704.856-0991739.502/
+195641.373-0990445.364/
+195243.708-0991008.275/
+195236.095-0991500.333/
+195704.856-0991739.502</Line>
        <Line Name="MMSM_APP_05S_04" Pattern="Dashed">
+200426.639-0985536.537/
+200732.352-0985542.662/
+200928.853-0985657.910/
+201414.761-0985712.339/
+201721.823-0984946.443/
+200949.803-0984725.987/
+200816.816-0984555.074/
+200600.865-0985101.035/
+200426.639-0985536.537</Line>
        <Line Name="MMSM_APP_05S_05" Pattern="Dashed">
+202550.081-0984802.542/
+201721.823-0984946.443/
+200949.803-0984725.987/
+200816.816-0984555.074/
+195901.932-0983736.344/
+194950.011-0983752.382/
+194816.052-0982316.331/
+200352.836-0982609.007/
+200524.000-0981539.153/
+201924.690-0983104.084/
+202530.000-0983746.000/
+202550.081-0984802.542</Line>
        <Line Name="MSF4" Pattern="Dashed">
+195236.095-0991500.333/
+195243.708-0991008.275/
+195641.373-0990445.364/
+200426.639-0985536.537/
+200230.028-0985532.853/
+195123.021-0985912.424/
+194937.490-0990155.995/
+194533.927-0990137.047/
+194246.181-0985816.325/
+193528.767-0990841.379/
+193651.237-0991432.350/
+195236.095-0991500.333</Line>
    </Map>
    <Map Type="System2" Name="Aeropuerto - Sector Aproximación Lucia 22" Priority="1">
        <Line Name="MMSM_APP_23S_01" Pattern="Dashed">
+202554.104-0985006.041/
+201849.499-0985557.361/
+201521.908-0985848.781/
+201203.829-0985729.105/
+201220.935-0985559.923/
+201252.499-0985143.022/
+201222.825-0984615.305/
+201022.606-0984106.307/
+200750.975-0983738.714/
+200500.018-0983531.415/
+200231.453-0983411.747/
+200012.396-0983714.742/
+195717.764-0983957.724/
+195003.273-0982857.710/
+195210.876-0982516.675/
+195417.391-0982137.278/
+200419.077-0981427.786/
+200524.000-0981539.153/
+201924.690-0983104.084/
+202530.000-0983746.000/
+202550.081-0984802.542/
+202554.104-0985006.041</Line>
        <Line Name="MMSM_APP_23S_02" Pattern="Dashed">
+201203.829-0985729.105/
+201220.935-0985559.923/
+201252.499-0985143.022/
+201222.825-0984615.305/
+201022.606-0984106.307/
+200750.975-0983738.714/
+200500.018-0983531.415/
+200231.453-0983411.747/
+200012.396-0983714.742/
+200549.562-0985458.557/
+201203.829-0985729.105</Line>
        <Line Name="MMSM_APP_23S_03" Pattern="Dashed">
+200549.562-0985458.557/
+200012.396-0983714.742/
+195717.764-0983957.724/
+195604.087-0984535.230/
+195822.036-0985406.140/
+200549.562-0985458.557/</Line>
        <Line Name="MMSM_F_APP_23S_01" Pattern="Dashed">
+200549.562-0985458.557/
+200012.396-0983714.742/
+195717.764-0983957.724/
+195604.087-0984535.230/
+195822.036-0985406.140/
+200549.562-0985458.557</Line>
        <Line Name="MMSM_F_APP_23S_02" Pattern="Dashed">
+193924.172-0985109.024/
+195604.087-0984535.230/
+195822.036-0985406.140/
+195213.487-0990317.835/
+194637.338-0990257.045/
+194533.927-0990137.047/
+194246.181-0985816.325/
+193924.172-0985109.024</Line>    
    </Map>    
</Maps>
