<?xml version="1.0" encoding="utf-8"?>
<Maps>
    <Map Type="System" Name="MMSM - Pistas 22 - Llegadas RNAV" Priority="1" Center="+194440.700-0990053.200">
        <Line Name="VITOS1B" Pattern="Dashed">VITOS/SM642/SM644/SM646/SM648/SM650/SM652/EMOXI</Line>
        <Line Name="TOREO1B" Pattern="Dashed">TOREO/SM600</Line>
        <Line Name="KELBO1B" Pattern="Dashed">KELBO/SM382/SM590/SM592/SM600/TADAS/SM604/SM606/SM608/SM610/SM612/EMOXI</Line>
        <Line Name="OTIGA1A" Pattern="Dashed">OTIGA/SM392/SM394/OMANU/SM614/SM616/SM618/SM620/SM622/EMOXI</Line>
        <Line Name="OTMOS1B" Pattern="Dashed">OTMOS/SM390/SM392</Line>    
        <Symbol Type="HollowStar">
            <Point>EMOXI</Point>
            <Point>KELBO</Point>
            <Point>OMANU</Point>
            <Point>OTIGA</Point>
            <Point>OTMOS</Point>
            <Point>SM382</Point>
            <Point>SM390</Point>
            <Point>SM392</Point>
            <Point>SM394</Point>
            <Point>SM590</Point>
            <Point>SM592</Point>
            <Point>SM600</Point>
            <Point>SM604</Point>
            <Point>SM606</Point>
            <Point>SM608</Point>
            <Point>SM610</Point>
            <Point>SM612</Point>
            <Point>SM614</Point>
            <Point>SM616</Point>
            <Point>SM618</Point>
            <Point>SM620</Point>
            <Point>SM622</Point>
            <Point>SM642</Point>
            <Point>SM644</Point>
            <Point>SM646</Point>
            <Point>SM648</Point>
            <Point>SM650</Point>
            <Point>SM652</Point>
            <Point>TADAS</Point>
            <Point>TOREO</Point>
            <Point>VITOS</Point>
        </Symbol>
    </Map>
    <Map Type="System" Name="MMSM - Pistas 22 - Llegadas 1S RNAV" Priority="1" Center="+194440.700-0990053.200">
        <Line Name="VITOS1S" Pattern="Dashed">VITOS/DUSAM/SM412/SM414/SM416/SM418/SM420/VINRI</Line>
        <Line Name="TOREO1S" Pattern="Dashed">TOREO/IMUTO/SM440/SM442/SM444/SM446/SM448/VINRI/SM450/SM452/SM30N/DUNIS</Line>
        <Line Name="KELBO1S" Pattern="Dashed">KELBO/SM382/SM384/SM386/SM388/TORON/SM400/SM402/SM404/SM406/SM408</Line>
        <Line Name="PBC1S" Pattern="Dashed">PBC/SM370/SM372/SM374/SM614/DUSAM</Line>
        <Line Name="OTMOS1S" Pattern="Dashed">OTMOS/SM370</Line>    
        <Symbol Type="HollowStar">
            <Point>TOREO</Point>
            <Point>VITOS</Point>
            <Point>KELBO</Point>
            <Point>OTMOS</Point>
            <Point>SM382</Point>
            <Point>SM384</Point>
            <Point>SM386</Point>
            <Point>SM388</Point>
            <Point>TORON</Point>
            <Point>IMUTO</Point>
            <Point>SM400</Point>
            <Point>SM402</Point>
            <Point>SM404</Point>
            <Point>SM406</Point>
            <Point>SM408</Point>
            <Point>VINRI</Point>
            <Point>SM450</Point>
            <Point>SM452</Point>
            <Point>SM30N</Point>
            <Point>DUNIS</Point>
            <Point>SM440</Point>
            <Point>SM442</Point>
            <Point>SM444</Point>
            <Point>SM446</Point>
            <Point>SM448</Point>
            <Point>DUSAM</Point>
            <Point>SM370</Point>
            <Point>SM372</Point>
            <Point>SM374</Point>
            <Point>SM614</Point>
            <Point>SM412</Point>
            <Point>SM414</Point>
            <Point>SM416</Point>
            <Point>SM418</Point>
            <Point>SM420</Point>
        </Symbol>
        <Symbol Type="HollowSquare">
            <Point>PBC</Point>
        </Symbol>
    </Map>
    <Map Type="System" Name="MMSM - Pistas 22 - Llegadas RNAV (Nombres)" Priority="1" Center="+194440.700-0990053.200">
        <Label HasLeader="false">
            <Point>EMOXI</Point>
            <Point>KELBO</Point>
            <Point>OTIGA</Point>
            <Point>OTMOS</Point>
            <Point>TOREO</Point>
            <Point>VITOS</Point>
        </Label>
    </Map>
    <Map Type="System" Name="MMSM - Pistas 22 - Llegadas 1S RNAV (Nombres)" Priority="1" Center="+194440.700-0990053.200">
        <Label HasLeader="false">
            <Point>DUNIS</Point>
            <Point>KELBO</Point>
            <Point>PBC</Point>
            <Point>OTMOS</Point>
            <Point>TOREO</Point>
            <Point>VITOS</Point>
        </Label>
    </Map>
    <Map Type="System" Name="MMSM - Pistas 22 - Llegadas RNAV (Vectores)" Priority="1" Center="+194440.700-0990053.200">
        <!--Pendiente-->
    </Map>
    <Map Type="System" Name="MMSM - Pistas 22 - ILS Z 22C" Priority="1" Center="+194440.700-0990053.200">
        <Line Pattern="Solid">EMOXI/SM42N/SM43N/+194518.460-0985926.270</Line>
        <Line Pattern="Solid">DUNIS/SM42N</Line>
        <!--Lineas de distancia 5NM pendientes-->
         <Symbol Type="HollowStar">
            <Point>DUNIS</Point>
            <Point>EMOXI</Point>
            <Point>SM42N</Point>
            <Point>SM43N</Point>      
        </Symbol>
    </Map>
    <Map Type="System" Name="MMSM - Pistas 22 - ILS Z 22R" Priority="1" Center="+194440.700-0990053.200">
        <Line Pattern="Solid">EMOXI/SM32N/SM33N/+194538.340-0990026.010</Line>
        <Line Pattern="Solid">DUNIS/SM32N</Line>
        <!--Lineas de distancia 5NM pendientes-->
        <Symbol Type="HollowStar">
            <Point>DUNIS</Point>
            <Point>EMOXI</Point>
            <Point>SM32N</Point>
            <Point>SM33N</Point>
        </Symbol>
    </Map>
    <Map Type="System" Name="MMSM - Pistas 22 - Salidas RNAV" Priority="1" Center="+194440.700-0990053.200">
        <Line Name="ATURO1E" Pattern="Dotted">+194518.460-0985926.270/SM701/
+194025.781-0990523.684/
+193959.832-0990559.252/
+193955.088-0990611.942/
+193952.987-0990621.802/
+193952.018-0990632.019/
+193952.094-0990643.637/
+193952.698-0990653.497/
+193953.659-0990702.506/
+193955.136-0990711.515/
+193958.624-0990725.962/
+194002.744-0990736.674/
+194008.306-0990746.781/
+194014.767-0990755.955/
+194022.128-0990805.101/
+194031.281-0990814.467/
+194039.802-0990822.185/
+194047.142-0990827.156/
+194056.096-0990832.237/
+194104.679-0990835.890/
+194116.023-0990838.527/
+194130.037-0990840.257/
SM702/SM706/SM710/SM712/ATURO</Line>
        <Line Name="ATURO1F" Pattern="Dotted">
+194238.619-0990405.626/
+194055.423-0991003.286/
+194053.199-0991020.315/
+194052.690-0991038.388/
+194053.672-0991054.620/
+194055.883-0991109.808/
+194100.065-0991124.750/
+194106.210-0991139.636/
+194112.328-0991151.914/
+194120.527-0991204.465/
+194130.401-0991216.001/
+194140.687-0991225.477/
+194152.236-0991233.305/
+194205.447-0991240.720/
+194220.911-0991246.213/
+194238.345-0991250.938/
+194257.310-0991254.151/
+194316.240-0991256.293/
+194334.505-0991256.843/
+194351.596-0991255.772/
+194409.023-0991253.272/
+194430.261-0991248.630/
+194447.393-0991242.753/
+194503.913-0991235.749/SM702</Line>
        <Line Name="AXIRI1E" Pattern="Dotted">SM712/AXIRI</Line>
        <Line Name="IKLAN1E" Pattern="Dotted">SM712/IKLAN</Line>
        <Line Name="LORSU1C" Pattern="Dotted">+194518.460-0985926.270/SM721/SM722/MUXAN/MX501/LORSU</Line>
        <Line Name="LORSU1D" Pattern="Dotted">+194538.340-0990026.010/SM720/SM722</Line>
        <Line Name="NOXOS1G" Pattern="Dotted">MX501/MX505/OVATI/NOXOS</Line>
        <Line Name="UKUNO1G" Pattern="Dotted">OVATI/UKUNO</Line>
        <Line Name="ILETO1G" Pattern="Dotted">OVATI/ILETO</Line>
        <Line Name="ULEBA1G" Pattern="Dotted">SM722/SM724/SM726/MX865/ULEBA</Line>
        <Line Name="OVAGO1G" Pattern="Dotted">MX865/OVAGO</Line>
        <Line Name="SEBON1G" Pattern="Dotted">SM726/RAKEM/MASAP/SEBON</Line>
        <Line Name="KATMI1C" Pattern="Dotted">RAKEM/KATMI</Line>     
        <Line Name="TEVOS1G" Pattern="Dotted">SM722/SM730/SM732/MX513/ULOTO/TEVOS</Line>  
        <Symbol Type="HollowStar">
            <Point>ATURO</Point>
            <Point>AXIRI</Point>
            <Point>IKLAN</Point>
            <Point>ILETO</Point>
            <Point>KATMI</Point>
            <Point>LORSU</Point>
            <Point>MASAP</Point>
            <Point>MUXAN</Point>
            <Point>MX501</Point>
            <Point>MX505</Point>
            <Point>MX513</Point>
            <Point>MX865</Point>
            <Point>NOXOS</Point>
            <Point>OVAGO</Point>
            <Point>OVATI</Point>      
            <Point>RAKEM</Point>
            <Point>SEBON</Point>
            <Point>SM701</Point>
            <Point>SM702</Point>
            <Point>SM706</Point>
            <Point>SM710</Point>
            <Point>SM712</Point>
            <Point>SM720</Point>
            <Point>SM721</Point>
            <Point>SM722</Point>
            <Point>SM724</Point>
            <Point>SM726</Point>
            <Point>SM730</Point>
            <Point>SM732</Point>
            <Point>TEVOS</Point>
            <Point>UKUNO</Point>
            <Point>ULEBA</Point>
            <Point>ULOTO</Point>
        </Symbol>
    </Map>
    <Map Type="System" Name="MMSM - Pistas 22 - Salidas RNAV 1R-1S" Priority="1" Center="+194440.700-0990053.200">
        <Line Name="ATURO1R" Pattern="Dotted">SLM/SM742/SM744/SM506/OTMAL/ATURO</Line>
        <Line Name="ATURO1S" Pattern="Dotted">ATURO</Line>
        <Line Name="AXIRI1R" Pattern="Dotted">OTMAL/AXIRI</Line>
        <Line Name="IKLAN1R" Pattern="Dotted">OTMAL/IKLAN</Line>
        <Line Name="LORSU1R" Pattern="Dotted">SM742/SM510/SM512/LORSU</Line>
        <Line Name="NOXOS1R" Pattern="Dotted">SM510/SELOX/NOXOS</Line>
        <Line Name="UKUNO1R" Pattern="Dotted">SELOX/UKUNO</Line>
        <Line Name="ILETO1R" Pattern="Dotted">SELOX/ILETO</Line>
        <Line Name="ULEBA1R" Pattern="Dotted">SM520/SM530/SM532/RAKEM/SERNU/ULEBA</Line>
        <Line Name="OVAGO1R" Pattern="Dotted">RAKEM/ESVOR/OVAGO</Line>
        <Line Name="SEBON1R" Pattern="Dotted">RAKEM/MASAP/SEBON</Line>
        <Line Name="KATMI1R" Pattern="Dotted">SM532/SM534/SM536/KATMI</Line>    
        <Line Name="TEVOS1R" Pattern="Dotted">SM520/SM522/SM524/SM526/TEVOS</Line>
        <Line Name="ATURO1P_Part1" Pattern="Dotted">
+194342.820-0990123.180/
+194144.674-0990347.532</Line>
        <Line Name="ATURO1P_Part2" Pattern="Dotted">
+194144.664-0990347.520/
+194117.436-0990437.047/
+194113.584-0990450.140/
+194112.428-0990501.084/
+194112.235-0990515.404/
+194113.391-0990530.132/
+194116.377-0990544.554/
+194120.807-0990558.055/
+194127.933-0990612.989/
+194137.829-0990624.142/
+194148.899-0990634.374/
+194201.809-0990643.070/
+194216.241-0990650.321/
+194231.905-0990655.934/
+194248.462-0990659.611/
+194305.537-0990701.063/
+194322.731-0990700.186/
+194339.157-0990656.861/
+194354.489-0990651.192/
+194408.465-0990643.562/
+194420.897-0990633.509/
+194431.581-0990621.317/
+194439.421-0990607.324/
+194444.401-0990551.108/
+194446.725-0990533.349/
+194446.955-0990515.039/
+194446.109-0990501.899/
+194425.728-0990021.348/
+194426.930-0990021.360/SLM</Line>
        <Line Name="SLM_SM520" Pattern="Dotted">
+194426.930-0990021.360/
+194425.728-0990021.348/
+194404.883-0985942.268/
+194358.048-0985931.835/
+194348.998-0985921.198/
+194337.372-0985911.686/
+194322.352-0985901.048/
+194305.984-0985852.661/
+194248.460-0985847.956/
+194230.935-0985845.297/
+194209.750-0985845.910/
+194147.024-0985853.275/
+194123.334-0985903.708/
+194107.252-0985913.834/
+193625.200-0990335.100</Line>
        <Symbol Type="HollowStar">
            <Point>ATURO</Point>
            <Point>AXIRI</Point>
            <Point>IKLAN</Point>
            <Point>KATMI</Point>
            <Point>SEBON</Point>
            <Point>OVAGO</Point>
            <Point>ULEBA</Point>
            <Point>TEVOS</Point>
            <Point>LORSU</Point>
            <Point>NOXOS</Point>
            <Point>UKUNO</Point>
            <Point>ILETO</Point>
            <Point>SM741</Point>
            <Point>SM742</Point>
            <Point>SM744</Point>
            <Point>SM506</Point>
            <Point>OTMAL</Point>
            <Point>SM510</Point>
            <Point>SM512</Point>
            <Point>SELOX</Point>
            <Point>SM520</Point>
            <Point>SM522</Point>
            <Point>SM524</Point>
            <Point>SM526</Point>
            <Point>SM530</Point>
            <Point>SM532</Point>
            <Point>RAKEM</Point>
            <Point>SERNU</Point>
            <Point>ESVOR</Point>
            <Point>MASAP</Point>
            <Point>SM534</Point>
            <Point>SM536</Point>
        </Symbol>
        <Symbol Type="HollowSquare">
            <Point>SLM</Point>
        </Symbol>
    </Map>
    <Map Type="System" Name="MMSM - Pistas 22 - Salidas RNAV (Nombres)" Priority="2" Center="+194440.700-0990053.200">
        <Label HasLeader="false">
            <Point>ATURO</Point>
            <Point>AXIRI</Point>
            <Point>IKLAN</Point>
            <Point>ILETO</Point>
            <Point>KATMI</Point>
            <Point>LORSU</Point>
            <Point>NOXOS</Point>
            <Point>OVAGO</Point>
            <Point>SEBON</Point>
            <Point>TEVOS</Point>
            <Point>UKUNO</Point>
            <Point>ULEBA</Point>
        </Label>
    </Map>
    <Map Type="System" Name="MMSM - Pistas 22 - Salidas RNAV 1R-1S (Nombres)" Priority="2" Center="+194440.700-0990053.200">
        <Label HasLeader="false">
            <Point>ATURO</Point>
            <Point>AXIRI</Point>
            <Point>IKLAN</Point>
            <Point>ILETO</Point>
            <Point>KATMI</Point>
            <Point>LORSU</Point>
            <Point>NOXOS</Point>
            <Point>OVAGO</Point>
            <Point>SEBON</Point>
            <Point>TEVOS</Point>
            <Point>UKUNO</Point>
            <Point>ULEBA</Point>
            <Point>SLM</Point>
        </Label>
    </Map>
</Maps>
