<?xml version="1.0" encoding="utf-8"?>
<Maps>
    <Map Type="System" Name="MMUN - Pista 30L-R - Llegadas RNAV" Priority="1" Center="+210235.014-0865232.438">
        <Line Name="NOSAT1D" Pattern="Dashed">NOSAT/HACHO/LETIS/UN500/PUREG/OTSOL</Line>
        <Line Name="ILUBA1G" Pattern="Dashed">ILUBA/ALRIP/QUADY/SESLI</Line>
        <Line Name="SIGMA1I" Pattern="Dashed">SIGMA/BALCH/VITEL/UN617/QUADY</Line>
        <Line Name="PAULE1#" Pattern="Dashed">PAULE/UN640/ITLES/QUADY</Line>
        <Line Name="XUDUN1#" Pattern="Dashed">XUDUN/BEPOR/BUBUN/SCAHA/UN605/UN608/DEPVA/LOPKA</Line>
        <Line Name="VOMAR1C" Pattern="Dashed">VOMAR/AGNIX/EPNEL/ODLAR/UN606/UN500</Line>
        <Symbol Type="SolidTriangle">
            <Point>BEPOR</Point>
            <Point>BUBUN</Point>
            <Point>ILUBA</Point>
            <Point>LETIS</Point>
            <Point>NOSAT</Point>
            <Point>PAULE</Point>
            <Point>SIGMA</Point>
            <Point>XUDUN</Point>
        </Symbol>
        <Symbol Type="HollowStar">
            <Point>AGNIX</Point>
            <Point>ALRIP</Point>
            <Point>BALCH</Point>
            <Point>DEVPA</Point>
            <Point>EPNEL</Point>
            <Point>HACHO</Point>
            <Point>ITLES</Point>
            <Point>LOPKA</Point>
            <Point>ODLAR</Point>
            <Point>OTSOL</Point>
            <Point>PUREG</Point>
            <Point>QUADY</Point>
            <Point>SCAHA</Point>
            <Point>SESLI</Point>
            <Point>UN500</Point>
            <Point>UN605</Point>
            <Point>UN606</Point>
            <Point>UN617</Point>
            <Point>UN640</Point>
            <Point>VOMAR</Point>
        </Symbol>
    </Map>
    <Map Type="System" Name="MMUN - Pista 30L-R - Llegadas RNAV (Nombres)" Priority="2" Center="-34.945000+138.530556">
        <Label HasLeader="false">
            <Point>ILUBA</Point>
            <Point>LOPKA</Point>
            <Point>NOSAT</Point>
            <Point>OTSOL</Point>
            <Point>PAULE</Point>
            <Point>SESLI</Point>
            <Point>SIGMA</Point>
            <Point>VOMAR</Point>
            <Point>XUDUN</Point>
        </Label>
    </Map>
    <Map Type="System" Name="MMUN - Pista 30L-R - Llegadas Dep" Priority="1" Center="+210235.014-0865232.438">
        <Line Name="ILUBA1G" Pattern="Dashed">ILUBA/ALRIP/QUADY/SESLI</Line>
        <Line Name="SIGMA1I" Pattern="Dashed">SIGMA/BALCH/VITEL/UN617/QUADY</Line>
        <Line Name="PAULE1#" Pattern="Dashed">PAULE/UN640/ITLES/QUADY</Line>
        <Symbol Type="SolidTriangle">
            <Point>ILUBA</Point>
            <Point>PAULE</Point>
            <Point>SIGMA</Point>
        </Symbol>
        <Symbol Type="HollowStar">
            <Point>ALRIP</Point>
            <Point>BALCH</Point>
            <Point>ITLES</Point>
            <Point>LOPKA</Point>
            <Point>OTSOL</Point>
            <Point>QUADY</Point>
            <Point>SESLI</Point>
            <Point>UN617</Point>
            <Point>UN640</Point>
        </Symbol>
    </Map>
    <Map Type="System" Name="MMUN - Pista 30L-R - Llegadas Dep (Nombres)" Priority="2" Center="-34.945000+138.530556">
        <Label HasLeader="false">
            <Point>ILUBA</Point>
            <Point>LOPKA</Point>
            <Point>OTSOL</Point>
            <Point>PAULE</Point>
            <Point>SESLI</Point>
            <Point>SIGMA</Point>
        </Label>
    </Map>
    <Map Type="System" Name="MMUN - Pista 30L - RNP" Priority="1" Center="-34.945000+138.530556">
        <Line Name="LOPKA" Pattern="Solid">LOPKA/UN604</Line>
        <Line Name="SESLI" Pattern="Solid">SESLI/UN604</Line>
        <Line Name="OTSOL" Pattern="Solid">OTSOL/UN604</Line>
        <Line Name="FINAL" Pattern="Solid">UN604/+210140.120-0865146.940</Line>
        <Symbol Type="HollowStar">
            <Point>UN604</Point>
            <Point>UN630</Point>
            <Point>UN631</Point>
        </Symbol>
    </Map>
    <Map Type="System" Name="MMUN - Pista 30R - RNP" Priority="1" Center="-34.945000+138.530556">
        <Line Name="LOPKA" Pattern="Solid">LOPKA/UN601</Line>
        <Line Name="SESLI" Pattern="Solid">SESLI/UN601</Line>
        <Line Name="OTSOL" Pattern="Solid">OTSOL/UN601</Line>
        <Line Name="FINAL" Pattern="Solid">UN601/+210226.480-0865132.494</Line>
        <Line Name="D1" Pattern="Solid">
+210218.388-0865021.243/
+210128.423-0865056.673</Line>
        <Line Name="D2" Pattern="Solid">
+210145.316-0864927.709/
+210055.351-0865003.144</Line>
        <Line Name="D3" Pattern="Solid">
+210112.244-0864834.178/
+210022.279-0864909.618</Line>
        <Line Name="D4" Pattern="Solid">
+210039.172-0864740.650/
+205949.207-0864816.095</Line>
        <Line Name="D5" Pattern="Solid">
+210006.100-0864647.126/
+205916.135-0864722.576</Line>
        <Line Name="D6" Pattern="Solid">
+205933.028-0864553.605/
+205843.063-0864629.060</Line>
        <Line Name="D7" Pattern="Solid">
+205859.956-0864500.087/
+205809.991-0864535.547</Line>
        <Line Name="D8" Pattern="Solid">
+205826.884-0864406.573/
+205736.919-0864442.038</Line>
        <Line Name="D9" Pattern="Solid">
+205753.812-0864313.062/
+205703.847-0864348.532</Line>
        <Line Name="D10" Pattern="Solid">
+205720.740-0864219.554/
+205630.775-0864255.029</Line>
        <Line Name="D11" Pattern="Solid">
+205647.668-0864126.050/
+205557.703-0864201.530</Line>
        <Line Name="D12" Pattern="Solid">
+205614.596-0864032.549/
+205524.631-0864108.034</Line>
        <Line Name="D13" Pattern="Solid">
+205541.524-0863939.051/
+205451.560-0864014.541</Line>
        <Line Name="D14" Pattern="Solid">
+205508.453-0863845.556/
+205418.489-0863921.051</Line>
        <Line Name="D15" Pattern="Solid">
+205435.382-0863752.065/
+205345.418-0863827.565</Line>
        <Line Name="D16" Pattern="Solid">
+205402.311-0863658.577/
+205312.347-0863734.082</Line>
        <Line Name="D17" Pattern="Solid">
+205329.240-0863605.092/
+205239.276-0863640.602</Line>
        <Line Name="D18" Pattern="Solid">
+205256.169-0863511.611/
+205206.205-0863547.126</Line>
        <Line Name="D18" Pattern="Solid">
+205223.098-0863418.133/
+205133.134-0863453.653</Line>
        <Symbol Type="HollowStar">
            <Point>UN601</Point>
            <Point>UN619</Point>
            <Point>UN620</Point>
        </Symbol>
    </Map>
    <Map Type="System" Name="MMUN - Pista 30L - Salidas RNAV" Priority="1" Center="+210235.014-0865232.438">
        <Line Name="NUDAL1" Pattern="Dotted">+210243.080-0865327.611/UN708/UN700/SEVKA/NUDAL</Line>
        <Line Name="AVSEB1" Pattern="Dotted">CZM/UN713/AVSEB</Line>
        <Line Name="ALSUP1" Pattern="Dotted">+210243.080-0865327.611/UN712/UN703/UN706/CZM/UN430/ALSUP</Line>
        <Line Name="UDGUV1" Pattern="Dotted">+210243.080-0865327.611/UN710/UN704/UN711/UDGUV</Line>
        <Line Name="NOSUG1" Pattern="Dotted">+210243.080-0865327.611/UN705/UN709/UN701/NOSUG</Line>
        <Line Name="ROTGI1" Pattern="Dotted">+210243.080-0865327.611/UN702/UN707/ROTGI</Line>
        <Symbol Type="SolidTriangle">
            <Point>ALSUP</Point>
            <Point>NUDAL</Point>
            <Point>UDGUV</Point>
        </Symbol>
        <Symbol Type="HollowStar">
            <Point>AVSEB</Point>
            <Point>NOSUG</Point>
            <Point>ROTGI</Point>
            <Point>SEVKA</Point>
            <Point>UN700</Point>
            <Point>UN701</Point>
            <Point>UN702</Point>
            <Point>UN703</Point>
            <Point>UN704</Point>
            <Point>UN705</Point>
            <Point>UN706</Point>
            <Point>UN707</Point>
            <Point>UN708</Point>
            <Point>UN709</Point>
            <Point>UN710</Point>
            <Point>UN711</Point>
            <Point>UN712</Point>
            <Point>UN713</Point>
        </Symbol>
        <Symbol Type="HollowSquare">
            <Point>CZM</Point>
        </Symbol>
        <Symbol Type="Circle">
            <Point>CZM</Point>
        </Symbol>
    </Map>
    <Map Type="System" Name="MMUN - Pista 30L - Salidas RNAV (Nombres)" Priority="2" Center="-34.945000+138.530556">
        <Label HasLeader="false">
            <Point>ALSUP</Point>
            <Point>AVSEB</Point>
            <Point>NOSUG</Point>
            <Point>NUDAL</Point>
            <Point>ROTGI</Point>
            <Point>UDGUV</Point>
        </Label>
    </Map>
    <Map Type="System" Name="MMUN - Pista 30R - Salidas RNAV" Priority="1" Center="+210235.014-0865232.438">
        <Line Name="NUDAL1" Pattern="Dotted">+210316.960-0865252.928/UN708/UN700/SEVKA/NUDAL</Line>
        <Line Name="AVSEB1" Pattern="Dotted">CZM/UN713/AVSEB</Line>
        <Line Name="CZM1" Pattern="Dotted">+210316.960-0865252.928/UN712/UN703/UN706/CZM/</Line>
        <Line Name="UDGUV1" Pattern="Dotted">+210316.960-0865252.928/UN710/UN704/UN711/UDGUV</Line>
        <Line Name="NOSUG1" Pattern="Dotted">+210316.960-0865252.928/UN705/UN709/UN701/NOSUG</Line>
        <Line Name="ROTGI1" Pattern="Dotted">+210316.960-0865252.928/UN702/UN707/ROTGI</Line>
        <Symbol Type="SolidTriangle">
            <Point>ALSUP</Point>
            <Point>NUDAL</Point>
            <Point>UDGUV</Point>
        </Symbol>
        <Symbol Type="HollowStar">
            <Point>AVSEB</Point>
            <Point>NOSUG</Point>
            <Point>ROTGI</Point>
            <Point>SEVKA</Point>
            <Point>UN700</Point>
            <Point>UN701</Point>
            <Point>UN702</Point>
            <Point>UN703</Point>
            <Point>UN704</Point>
            <Point>UN705</Point>
            <Point>UN706</Point>
            <Point>UN707</Point>
            <Point>UN708</Point>
            <Point>UN709</Point>
            <Point>UN710</Point>
            <Point>UN711</Point>
            <Point>UN712</Point>
            <Point>UN713</Point>
        </Symbol>
        <Symbol Type="HollowSquare">
            <Point>CZM</Point>
        </Symbol>
        <Symbol Type="Circle">
            <Point>CZM</Point>
        </Symbol>
    </Map>
    <Map Type="System" Name="MMUN - Pista 30R - Salidas RNAV (Nombres)" Priority="2" Center="-34.945000+138.530556">
        <Label HasLeader="false">
            <Point>AVSEB</Point>
            <Point>ALSUP</Point>
            <Point>NOSUG</Point>
            <Point>NUDAL</Point>
            <Point>ROTGI</Point>
            <Point>UDGUV</Point>
        </Label>
    </Map>
</Maps>
