<?xml version="1.0" encoding="utf-8"?>
<Maps>
    <Map Type="System" Name="MMUN - Pista 12L-R - Llegadas RNAV" Priority="1" Center="+210216.667-0865152.015">
        <Line Name="ILUBA2E" Pattern="Dashed">ILUBA/URVEN/SEDAS/UN523/UN511/UN519/UN514/ELINO/EBMIS</Line>
        <Line Name="PUALE3G" Pattern="Dashed">PAULE/UN530/HURIN</Line>
        <Line Name="SIGMA2G" Pattern="Dashed">SIGMA/OVGED/ILONI/HURIN/UN523</Line>
        <Line Name="NOSAT1B" Pattern="Dashed">NOSAT/HACHO/LETIS/APMUS/UN500/UN522/UN515/ERDAM/RIDUG</Line>
        <Line Name="VOMAR1A" Pattern="Dashed">VOMAR/AGNIX/EPNEL/ODLAR/VIKSI</Line>
        <Line Name="XUDUN1A" Pattern="Dashed">XUDUN/BEPOR/BUBUN/SCAHA/KAROR</Line>
        <Symbol Type="HollowTriangle">
            <Point>BEPOR</Point>
            <Point>BUBUN</Point>
            <Point>LETIS</Point>
            <Point>NOSAT</Point>
            <Point>XUDUN</Point>
        </Symbol>
        <Symbol Type="HollowStar">
            <Point>AGNIX</Point>
            <Point>APMUS</Point>
            <Point>EBMIS</Point>
            <Point>ELINO</Point>
            <Point>EPNEL</Point>
            <Point>ERDAM</Point>
            <Point>HACHO</Point>
            <Point>HURIN</Point>
            <Point>ILONI</Point>
            <Point>ILUBA</Point>
            <Point>KAROR</Point>
            <Point>ODLAR</Point>
            <Point>OVGED</Point>
            <Point>PAULE</Point>
            <Point>RIDUG</Point>
            <Point>SCAHA</Point>
            <Point>SEDAS</Point>
            <Point>SIGMA</Point>
            <Point>UN500</Point>
            <Point>UN511</Point>
            <Point>UN514</Point>
            <Point>UN515</Point>
            <Point>UN519</Point>
            <Point>UN522</Point>
            <Point>UN523</Point>
            <Point>URVEN</Point>
            <Point>VIKSI</Point>
            <Point>VOMAR</Point>
        </Symbol>
    </Map>
    <Map Type="System" Name="MMUN - Pista 12L-R - Llegadas RNAV (Nombres)" Priority="2" Center="+210216.667-0865152.015">
        <Label HasLeader="false">
            <Point>EBMIS</Point>
            <Point>ILUBA</Point>
            <Point>PAULE</Point>
            <Point>SIGMA</Point>

            <Point>ILUBA</Point>
            <Point>KAROR</Point>
            <Point>NOSAT</Point>
            <Point>RIDUG</Point>
            <Point>VIKSI</Point>
            <Point>VOMAR</Point>
            <Point>XUDUN</Point>
        </Label>
    </Map>
    <Map Type="System" Name="MMUN - Pista 12L-R - Llegadas Dep" Priority="1" Center="+210216.667-0865152.015">
        <Line Name="ILUBA2E" Pattern="Dashed">ILUBA/URVEN/SEDAS/UN523/UN511/UN519/UN514/ELINO/EBMIS</Line>
        <Line Name="PUALE3G" Pattern="Dashed">PAULE/UN530/HURIN</Line>
        <Line Name="SIGMA2G" Pattern="Dashed">SIGMA/OVGED/ILONI/HURIN/UN523</Line>        
        <Symbol Type="HollowStar">
            <Point>EBMIS</Point>
            <Point>ELINO</Point>
            <Point>HURIN</Point>
            <Point>ILONI</Point>
            <Point>ILUBA</Point>
            <Point>KAROR</Point>
            <Point>OVGED</Point>
            <Point>PAULE</Point>
            <Point>RIDUG</Point>
            <Point>SEDAS</Point>
            <Point>SIGMA</Point>
            <Point>UN511</Point>
            <Point>UN514</Point>
            <Point>UN519</Point>
            <Point>UN523</Point>
            <Point>URVEN</Point>
            <Point>VIKSI</Point>
        </Symbol>
    </Map>
    <Map Type="System" Name="MMUN - Pista 12L-R - Llegadas Dep (Nombres)" Priority="2" Center="+210216.667-0865152.015">
        <Label HasLeader="false">
            <Point>EBMIS</Point>
            <Point>ILUBA</Point>
            <Point>PAULE</Point>
            <Point>SIGMA</Point>

            <Point>ILUBA</Point>
            <Point>KAROR</Point>
            <Point>RIDUG</Point>
            <Point>VIKSI</Point>
        </Label>
    </Map>
    <Map Type="System" Name="MMUN - Pista 12L - ILS X 12L" Priority="1" Center="+210216.667-0865152.015">
        <Line Name="EBMIS" Pattern="Solid">EBMIS/UN505</Line>
        <Line Name="KAROR" Pattern="Solid">KAROR/UN505</Line>
        <Line Name="VIKSI" Pattern="Solid">VIKSI/UN505</Line>
        <Line Name="RIDUG" Pattern="Solid">RIDUG/UN505</Line>
        <Line Name="FINAL" Pattern="Solid">UN505/+210316.960-0865252.928</Line>

        <Line Name="D1" Pattern="Solid">
+210342.084-0865235.442/
+210251.815-0865310.459</Line>
        <Line Name="D2" Pattern="Solid">
+210414.717-0865329.291/
+210324.449-0865404.307</Line>
        <Line Name="D3" Pattern="Solid">
+210447.350-0865423.143/
+210357.083-0865458.158</Line>
        <Line Name="D4" Pattern="Solid">
+210519.983-0865516.998/
+210429.717-0865552.013</Line>
        <Line Name="D5" Pattern="Solid">
+210552.616-0865610.857/
+210502.351-0865645.871</Line>
        <Line Name="D6" Pattern="Solid">
+210625.249-0865704.719/
+210534.985-0865739.732</Line>
        <Line Name="D7" Pattern="Solid">
+210657.882-0865758.584/
+210607.619-0865833.597</Line>
        <Line Name="D8" Pattern="Solid">
+210730.515-0865852.453/
+210640.253-0865927.4656</Line>
        <Line Name="D9" Pattern="Solid">
+210803.148-0865946.325/
+210712.887-0870021.336</Line>
        <Line Name="D10" Pattern="Solid">
+210835.781-0870040.200/
+210745.521-0870115.211</Line>
        <Line Name="D11" Pattern="Solid">
+210908.414-0870134.079/
+210818.155-0870209.089</Line>
        <Line Name="D12" Pattern="Solid">
+210941.048-0870227.961/
+210850.790-0870302.970</Line>
        <Line Name="D13" Pattern="Solid">
+211013.682-0870321.846/
+210923.425-0870356.854</Line>
        <Line Name="D14" Pattern="Solid">
+211046.316-0870415.735/
+210956.060-0870450.742</Line>
        <Line Name="D15" Pattern="Solid">
+211118.950-0870509.627/
+211028.695-0870544.633</Line>
        <Line Name="D16" Pattern="Solid">
+211151.584-0870603.522/
+211101.330-0870638.527</Line>
        <Line Name="D17" Pattern="Solid">
+211224.218-0870657.421/
+211133.965-0870732.425</Line>
        <Symbol Type="HollowStar">
            <Point>EBMIS</Point>
            <Point>KAROR</Point>
            <Point>RIDUG</Point>
            <Point>VIKSI</Point>

            <Point>UN505</Point>
            <Point>UN528</Point>
            <Point>UN529</Point>
            <Point>UN532</Point>
        </Symbol>
    </Map>
    <Map Type="System2" Name="MMUN - Pista 12L - Final Extendido" Priority="1" Center="+210216.667-0865152.015">
        <Line Name="12L_APPROACH_LINE" Pattern="Broken">
+210308.657-0865239.113/
+213639.012-0874552.763</Line>
        <Line Name="12L_APPROACH_60" Pattern="Broken">
+212834.386-0874901.323/
+213026.196-0874800.284/
+213215.948-0874655.102/
+213403.511-0874545.855/
+213548.753-0874432.629/
+213731.545-0874315.513/
+213911.763-0874154.599/
+214049.284-0874029.988/
+214223.990-0873901.781</Line>
        <Line Name="12L_APPROACH_50" Pattern="Solid">
+212411.722-0873924.315/
+212544.896-0873833.450/
+212716.357-0873739.131/
+212845.992-0873641.426/
+213013.694-0873540.404/
+213139.354-0873436.140/
+213302.869-0873328.712/
+213424.136-0873218.203/
+213543.058-0873104.698</Line>
        <Line Name="12L_APPROACH_40" Pattern="Broken">
+211949.057-0872947.308/
+212103.597-0872906.616/
+212216.765-0872823.161/
+212328.474-0872736.997/
+212438.635-0872648.179/
+212547.163-0872556.768/
+212653.975-0872502.826/
+212758.989-0872406.418/
+212902.126-0872307.614</Line>
        <Line Name="12L_APPROACH_30" Pattern="Solid">
+211526.392-0872010.301/
+211622.297-0871939.782/
+211717.173-0871907.191/
+211810.955-0871832.567/
+211903.576-0871755.954/
+211954.972-0871717.396/
+212045.081-0871636.939/
+212133.841-0871554.634/
+212221.194-0871510.530</Line>
        <Line Name="12L_APPROACH_20" Pattern="Broken">
+211025.818-0871052.234/
+211103.728-0871033.294/
+211140.998-0871012.948/
+211217.582-0870951.220/
+211253.436-0870928.138/
+211328.517-0870903.729/
+211402.781-0870838.024/
+211436.187-0870811.053/
+211508.694-0870742.849/
+211540.262-0870713.447/
+211610.854-0870642.882</Line>
    </Map>
    <Map Type="System" Name="MMUN - Pista 12R - ILS X 12R" Priority="1" Center="+210216.667-0865152.015">
        <Line Name="EBMIS" Pattern="Solid">EBMIS/UN506</Line>
        <Line Name="KAROR" Pattern="Solid">KAROR/UN506</Line>
        <Line Name="VIKSI" Pattern="Solid">VIKSI/UN506</Line>
        <Line Name="RIDUG" Pattern="Solid">RIDUG/UN506</Line>
        <Line Name="FINAL" Pattern="Solid">UN506/+210243.080-0865327.611</Line>
        <Line Name="D1" Pattern="Solid">
+210217.953-0865345.093/
+210308.205-0865310.127</Line>
        <Line Name="D2" Pattern="Solid">
+210251.458-0865438.315/
+210341.710-0865403.354</Line>
        <Line Name="D3" Pattern="Solid">
+210324.963-0865531.540/
+210415.215-0865456.584</Line>
        <Line Name="D4" Pattern="Solid">
+210358.468-0865624.769/
+210448.720-0865549.818</Line>
        <Line Name="D5" Pattern="Solid">
+210431.973-0865718.001/
+210522.225-0865643.055</Line>
        <Line Name="D6" Pattern="Solid">
+210505.478-0865811.236/
+210555.730-0865736.295</Line>
        <Line Name="D7" Pattern="Solid">
+210538.983-0865904.475/
+210629.235-0865829.539</Line>
        <Line Name="D8" Pattern="Solid">
+210612.488-0865957.717/
+210702.740-0865922.786</Line>
        <Line Name="D9" Pattern="Solid">
+210645.993-0870050.962/
+210736.246-0870016.036</Line>
        <Line Name="D10" Pattern="Solid">
+210719.499-0870144.211/
+210809.752-0870109.290</Line>
        <Line Name="D11" Pattern="Solid">
+210753.005-0870237.463/
+210843.258-0870202.547</Line>
        <Line Name="D12" Pattern="Solid">
+210826.511-0870330.718/
+210916.764-0870255.808</Line>
        <Line Name="D13" Pattern="Solid">
+210900.017-0870423.977/
+210950.270-0870349.072</Line>
        <Line Name="D14" Pattern="Solid">
+210933.523-0870517.239/
+211023.776-0870442.339</Line>
        <Line Name="D15" Pattern="Solid">
+211007.029-0870610.505/
+211057.282-0870535.610</Line>
        <Line Name="D16" Pattern="Solid">
+211040.535-0870703.774/
+211130.788-0870628.884</Line>
        <Line Name="D17" Pattern="Solid">
+211114.041-0870757.046/
+211204.294-0870722.161</Line>
        <Line Name="D18" Pattern="Solid">
+211147.547-0870850.322/
+211237.800-0870815.442</Line>
        <Line Name="D18" Pattern="Solid">
+211221.053-0870943.601/
+211311.306-0870908.726</Line>
        <Symbol Type="HollowStar">
            <Point>EBMIS</Point>
            <Point>KAROR</Point>
            <Point>RIDUG</Point>
            <Point>VIKSI</Point>

            <Point>UN506</Point>
            <Point>UN540</Point>
            <Point>UN545</Point>
        </Symbol>
    </Map>
    <Map Type="System" Name="MMUN - Pista 12L - Salidas RNAV" Priority="1" Center="+210235.014-0865232.438">
        <Line Name="ALSUP" Pattern="Dotted">+210226.480-0865132.494/UN402/UN408/CZM/UN431/ALSUP</Line>
        <Line Name="HECAT" Pattern="Dotted">UN415/UN440/UN400/HECAT</Line>
        <Line Name="NOSUG" Pattern="Dotted">+210226.480-0865132.494/UN417/UN406/NOSUG</Line>
        <Line Name="NUDAL" Pattern="Dotted">+210226.480-0865132.494/UN415/UN413/SEVKA/NUDAL</Line>
        <Line Name="ROTGI" Pattern="Dotted">+210226.480-0865132.494/UN412/UN414/UN407/ROTGI</Line>
        <Line Name="TAKUX" Pattern="Dotted">UN400/ALYRE/TAKUX</Line>
        <Line Name="UDGUV" Pattern="Dotted">+210226.480-0865132.494/UN418/UN409/UN419/UN432/UDGUV</Line>
        <Symbol Type="SolidTriangle">
            <Point>HECAT</Point>
            <Point>NUDAL</Point>
            <Point>ALSUP</Point>
            <Point>UDGUV</Point>
        </Symbol>
        <Symbol Type="HollowStar">
            <Point>ALYRE</Point>
            <Point>NOSUG</Point>
            <Point>ROTGI</Point>
            <Point>SEVKA</Point>
            <Point>TAKUX</Point>
            <Point>ULBOX</Point>
            <Point>UN400</Point>
            <Point>UN402</Point>
            <Point>UN406</Point>
            <Point>UN407</Point>
            <Point>UN408</Point>
            <Point>UN409</Point>
            <Point>UN412</Point>
            <Point>UN413</Point>
            <Point>UN414</Point>
            <Point>UN415</Point>
            <Point>UN417</Point>
            <Point>UN418</Point>
            <Point>UN419</Point>
            <Point>UN431</Point>
            <Point>UN432</Point>
            <Point>UN440</Point>
        </Symbol>
        <Symbol Type="HollowSquare">
            <Point>CZM</Point>
        </Symbol>
        <Symbol Type="Circle">
            <Point>CZM</Point>
        </Symbol>
    </Map>
    <Map Type="System" Name="MMUN - Pista 12L - Salidas RNAV (Nombres)" Priority="2" Center="+210216.667-0865152.015">
        <Label HasLeader="false">
            <Point>CZM</Point>
            <Point>HECAT</Point>
            <Point>NOSUG</Point>
            <Point>NUDAL</Point>
            <Point>ALSUP</Point>
            <Point>ROTGI</Point>
            <Point>TAKUX</Point>
            <Point>UDGUV</Point>
        </Label>
    </Map>
    <Map Type="System" Name="MMUN - Pista 12R - Salidas RNAV" Priority="1" Center="+210235.014-0865232.438">
        <Line Name="ALSUP" Pattern="Dotted">+210140.120-0865146.940/UN402/UN408/CZM/UN431/ALSUP</Line>
        <Line Name="HECAT" Pattern="Dotted">UN415/UN440/UN400/HECAT</Line>
        <Line Name="NOSUG" Pattern="Dotted">+210140.120-0865146.940/UN417/UN406/NOSUG</Line>
        <Line Name="NUDAL" Pattern="Dotted">+210140.120-0865146.940/UN415/UN413/SEVKA/NUDAL</Line>
        <Line Name="ROTGI" Pattern="Dotted">+210140.120-0865146.940/UN412/UN414/UN407/ROTGI</Line>
        <Line Name="TAKUX" Pattern="Dotted">UN400/ALYRE/TAKUX</Line>
        <Line Name="UDGUV" Pattern="Dotted">+210140.120-0865146.940/UN418/UN409/UN419/UN432/UDGUV</Line>
        <Symbol Type="SolidTriangle">
            <Point>HECAT</Point>
            <Point>NUDAL</Point>
            <Point>ALSUP</Point>
            <Point>UDGUV</Point>
        </Symbol>
        <Symbol Type="HollowStar">
            <Point>ALYRE</Point>
            <Point>NOSUG</Point>
            <Point>ROTGI</Point>
            <Point>SEVKA</Point>
            <Point>TAKUX</Point>
            <Point>ULBOX</Point>
            <Point>UN400</Point>
            <Point>UN402</Point>
            <Point>UN406</Point>
            <Point>UN407</Point>
            <Point>UN408</Point>
            <Point>UN409</Point>
            <Point>UN412</Point>
            <Point>UN413</Point>
            <Point>UN414</Point>
            <Point>UN415</Point>
            <Point>UN417</Point>
            <Point>UN418</Point>
            <Point>UN419</Point>
            <Point>UN431</Point>
            <Point>UN432</Point>
            <Point>UN440</Point>
        </Symbol>
        <Symbol Type="HollowSquare">
            <Point>CZM</Point>
        </Symbol>
        <Symbol Type="Circle">
            <Point>CZM</Point>
        </Symbol>
    </Map>
    <Map Type="System" Name="MMUN - Pista 12R - Salidas RNAV (Nombres)" Priority="2" Center="+210216.667-0865152.015">
        <Label HasLeader="false">
            <Point>CZM</Point>
            <Point>HECAT</Point>
            <Point>NOSUG</Point>
            <Point>NUDAL</Point>
            <Point>ALSUP</Point>
            <Point>ROTGI</Point>
            <Point>TAKUX</Point>
            <Point>UDGUV</Point>
        </Label>
    </Map>
</Maps>
