<?xml version="1.0" encoding="utf-8"?>
<Maps>
    <Map Type="System" Name="MMMY - Pista 12 - Llegadas RNAV" Priority="1" Center="+284208.380-1055746.670">
        <Line Name="ITPIS1A" Pattern="Dashed">ITPIS/ULAVA/AGMUM</Line>
        <Line Name="NOTAL1A" Pattern="Dashed">NOTAL/VETNU/NAPNO/AGMUM/KATPO/MEGNA/CURTO/SIKRO/DUXAM/MY600/MY601/TASNA</Line>
        <Line Name="RETOS1A" Pattern="Dashed">RETOS/MIBTA/KATPO</Line>
        <Line Name="SLW1B" Pattern="Dashed">SLW/ESRAP/WICLO/MISUL/SUTNA/ENTRI/SIKRO</Line>
        <Symbol Type="SolidTriangle">
            <Point>ITPIS</Point>
            <Point>NOTAL</Point>
            <Point>RETOS</Point>
        </Symbol>
        <Symbol Type="Circle">
            <Point>SLW</Point>
        </Symbol>
        <Symbol Type="HollowSquare">
            <Point>SLW</Point>
        </Symbol>
        <Symbol Type="HollowStar">
            <Point>AGMUM</Point>
            <Point>CURTO</Point>
            <Point>DUXAM</Point>
            <Point>ENTRI</Point>
            <Point>ESRAP</Point>
            <Point>KATPO</Point>
            <Point>MEGNA</Point>
            <Point>MIBTA</Point>
            <Point>MISUL</Point>
            <Point>MY600</Point>
            <Point>MY601</Point>
            <Point>NAPNO</Point>
            <Point>SIKRO</Point>
            <Point>SUTNA</Point>
            <Point>TASNA</Point>
            <Point>ULAVA</Point>
            <Point>VETNU</Point>
            <Point>WICLO</Point>
        </Symbol>
    </Map>
    <Map Type="System" Name="MMMY - Pista 12 - Llegadas RNAV (Nombres)" Priority="1" Center="+284208.380-1055746.670">
        <Label HasLeader="false">
            <Point>AGMUM</Point>
            <Point>CURTO</Point>
            <Point>DUXAM</Point>
            <Point>ENTRI</Point>
            <Point>ESRAP</Point>
            <Point>ITPIS</Point>
            <Point>KATPO</Point>
            <Point>MEGNA</Point>
            <Point>MIBTA</Point>
            <Point>MISUL</Point>
            <Point>MY600</Point>
            <Point>MY601</Point>
            <Point>NAPNO</Point>
            <Point>NOTAL</Point>
            <Point>RETOS</Point>
            <Point>SIKRO</Point>
            <Point>SLW</Point>
            <Point>SUTNA</Point>
            <Point>TASNA</Point>
            <Point>ULAVA</Point>
            <Point>VETNU</Point>
            <Point>WICLO</Point>
        </Label>
    </Map>
    <Map Type="System" Name="MMMY - Pista 12 - RNP 12" Priority="1" Center="+284208.380-1055746.670">
        <Line Pattern="Solid">TASNA/+254703.060-1000701.990</Line>

        <Line Pattern="Solid">+254708.280-1000816.190/+254759.651-1000741.909</Line>
        <Line Pattern="Solid">+254739.146-1000913.241/+254830.517-1000838.967</Line>
        <Line Pattern="Solid">+254810.012-1001010.296/+254901.383-1000936.029</Line>
        <Line Pattern="Solid">+254840.878-1001107.355/+254932.249-1001033.095</Line>
        <Line Pattern="Solid">+254911.744-1001204.418/+255003.115-1001130.165</Line>
        <Line Pattern="Solid">+254942.610-1001301.485/+255033.981-1001227.239</Line>
        <Line Pattern="Solid">+255013.476-1001358.557/+255104.847-1001324.317</Line>
        <Line Pattern="Solid">+255044.342-1001455.633/+255135.713-1001421.400</Line>
        <Line Pattern="Solid">+255115.208-1001552.713/+255206.579-1001518.487</Line>
        <Line Pattern="Solid">+255146.074-1001649.797/+255237.445-1001615.578</Line>
        <Line Pattern="Solid">+255216.940-1001746.885/+255308.311-1001712.673</Line>
        <Line Pattern="Solid">+255247.806-1001843.977/+255339.177-1001809.772</Line>
        <Symbol Type="HollowStar">
            <Point>TASNA</Point>
            <Point>MY604</Point>
        </Symbol>
    </Map>
    <Map Type="System" Name="MMMY - Pista 12 - Salidas RNAV" Priority="1" Center="+254642.810-1000625.150">
        <Line Name="DAJOR1A" Pattern="Dotted">+254612.450-1000529.930/MY702/HERSS/ALSEX/PILDA/GUELF/RALLO/AXILO/DAJOR</Line>
        <Line Name="DOTOR1A" Pattern="Dotted">MY702/MY700/MY703/DOTOR</Line>
        <Line Name="KERGA1A" Pattern="Dotted">MY702/MY721/KERGA</Line>
        <Line Name="GRALA1A" Pattern="Dotted">PILDA/KIVES/GRALA</Line>
        <Symbol Type="SolidTriangle">
            <Point>DAJOR</Point>
            <Point>DOTOR</Point>
            <Point>GRALA</Point>
            <Point>KERGA</Point>
        </Symbol>
        <Symbol Type="HollowStar">
            <Point>ALSEX</Point>
            <Point>AXILO</Point>
            <Point>GUELF</Point>
            <Point>HERSS</Point>
            <Point>KIVES</Point>
            <Point>MY700</Point>
            <Point>MY702</Point>
            <Point>MY703</Point>
            <Point>MY721</Point>
            <Point>PILDA</Point>
            <Point>RALLO</Point>
        </Symbol>
    </Map>
    <Map Type="System" Name="MMMY - Pista 12 - Salidas RNAV (Nombres)" Priority="1" Center="+284208.380-1055746.670">
        <Label HasLeader="false">
            <Point>DAJOR</Point>
            <Point>DOTOR</Point>
            <Point>GRALA</Point>
            <Point>KERGA</Point>
        </Label>
    </Map>
</Maps>
