<?xml version="1.0" encoding="utf-8"?>
<Maps>
    <Map Type="Local_Private" Name="Texto - Frecuencias Individuales" Priority="0">
        <Label HasLeader="false">
            <Point Name="128.300">+160950.687-0940248.250</Point>
            <Point Name="125.800">+193835.281-0885623.000</Point>
            <Point Name="128.200">+233210.218-0871831.000</Point>
            <Point Name="125.200">+222550.718-0884548.875</Point>
            <Point Name="123.750">+230520.968-0922941.281</Point>
            <Point Name="126.700">+202421.546-0930233.281</Point>
        </Label>
    </Map>
</Maps>
