<?xml version="1.0" encoding="utf-8"?>
<Maps>
    <Map Type="Local_Private" Name="Texto - Frecuencias Sectores" Priority="0">
        <Label HasLeader="false">
            <Point Name="128.300">+293142.773-1132413.281</Point>
            <Point Name="128.000">+242318.281-1082409.437</Point>
        </Label>
    </Map>
    <Map Type="Local_Private" Name="Texto - Frecuencias Individuales" Priority="0">
        <Label HasLeader="false">
            <Point Name="128.300">+305901.023-1161605.875</Point>
            <Point Name="126.300">+295431.187-1104139.156</Point>
            <Point Name="128.000">+244152.242-1103349.781</Point>
            <Point Name="124.400">+262042.742-1081622.437</Point>
            <Point Name="124.200">+241101.648-1052049.844</Point>
            <Point Name="126.500">+213646.882-1074550.781</Point>
            <Point Name="128.750">+273543.085-1133117.468</Point>
        </Label>
    </Map>
</Maps>
